review_id,review_text,aspect,sentiment
RVW_00008,"Kualitas produk: Bagus bangeettttt 💯 Udah cobain yg Elea skrg cobain yg Philea nya, double combo happy nyaaaa 💃🏻💃🏻💃🏻💕💕💕💕 Terimakasih all tim dan ka tsana , aku sukak produknya🙏🏻🤗",No Aspect,None
RVW_00012,Kualitas produk: SANGAT REKOMENDASI!!! GA MENYESAL SAMA SEKALI SAYANG PAUS DAN HMNS<3,No Aspect,None
RVW_00024,"finally arrived home, my philea💚",No Aspect,None
RVW_00026,"Kualitas produk: Baguss banget, sukaaa bangett",No Aspect,None
RVW_00045,"Seperti biasa ga pernah kecewa. Setelah 4 botol elea,akhirnya botol pertama philea sampai",No Aspect,None
RVW_00047,"Packing aman, barang sampai dgn selamat. Thank you HMNS 👍👍👍",No Aspect,None
RVW_00048,"Mantap, moga sukak orangnya..",No Aspect,None
RVW_00051,"SENANGGG BGTTT DAPAT SLEEVE LAPTOP, MAKASIHHH HMNS",No Aspect,None
RVW_00075,"Beli decant dulu dan cocok,akhire kebeli yg full size Alhamdulillah,next time order varian lain",No Aspect,None
RVW_00076,Product quality: 100000000000000000/100,No Aspect,None
RVW_00083,"Suka bgt, cocok bgt dipke bareng elea. Dpt kalender cakep bgt. Makasih hmns 🥰",No Aspect,None
RVW_00104,"Product quality: ga pernha ngeraguin hmns, sebelumnya pernah punya unrosed walaupun petjahhh",No Aspect,None
RVW_00106,"maantap rrespon cepet, pngiriman cpet dan aman, barang kualitas oke thanks HMNS",No Aspect,None
RVW_00122,"Mantul alias Mantab Betul belanja di toko ini, respon cepat, pengiriman ajib, barang pesanan sesuai pada lapak yg ditampilkan, kalo gini ga bakal berpaling dehhh ke toko lainnya",No Aspect,None
RVW_00131,"beli ini karena mama ku minta parfum dan tanpa ragu langsung aku beliin hihi, she loved it!",No Aspect,None
RVW_00135,"Barang sampe dengan aman, belum coba , semoga bermanfaat 😊🔥",No Aspect,None
RVW_00137,Aahhh akhirnya kesampean juga belii parfum ini.. Senengggg,No Aspect,None
RVW_00143,"Pengiriman cepat, dan karena ini buat kado bestie aku jadi ga bisa aku buka. Cuma barang mulus, dan semoga dia suka yaa 🙆‍♀️",No Aspect,None
RVW_00145,"Buat kado, jdi ga terlalu ngerti wanginya. Intinya produk sampe dengan aman. Dan yg menerima senang.",No Aspect,None
RVW_00148,Barang sudah sampai dengan selamat tidak ada yg cacat dan dpt free face towel terima kasih banyak,No Aspect,None
RVW_00155,"Hmns ke 3 aku...suka banget, kyknya bakal order yg sore...",No Aspect,None
RVW_00157,"the first exclusive parfume that i bought, very good",No Aspect,None
RVW_00164,"Kualitas produk: Asli Alhamdulillah.. Thank you for the lanyard gift, I hope HMNS becomes even more successful… Aaaaaamiin🙏",No Aspect,None
RVW_00165,"akhirnya barang ini dapet juga, setelah hunting kelima mall, di tokped muncul lg barangnya",No Aspect,None
RVW_00167,"pembelian.ke 3x nya di offline store slalu kehabisan,",No Aspect,None
RVW_00173,"Product quality: sukaa sekaliiiiiii, bessttt pokona",No Aspect,None
RVW_00174,"Aku kira bakal yg dapet tester , padahal rencana pengen bli varian lain",No Aspect,None
RVW_00176,AKHIRNYA AKU PUNYA PHILEAAAA🩷🩷🩷🩷🦋🦋😭😭😭,No Aspect,None
RVW_00177,asli gtau lgi sm produk ini thank u bngt ini di luar dugong makasii bnyaakkkkkkkk min lope lope dehh 😍😍😍😍😍😍,No Aspect,None
RVW_00178,"Finally, wish list Philea kesampean jugaaa 💖",No Aspect,None
RVW_00180,sangat2 recomended untuk repurchase parfume hmns,No Aspect,None
RVW_00184,selalu memuaskannnn mantapp penjual fast respon,No Aspect,None
RVW_00199,Kualitas produk: Sangat baikk dan mantap,No Aspect,None
RVW_00201,akhirnya wishlist philea kebeli jugaaaa,No Aspect,None
RVW_00206,Belum di coba sih tapi thanks giftnya,No Aspect,None
RVW_00208,Pengiriman nya cepat,No Aspect,None
RVW_00209,"Selalu suka HMNS, dan varian kali ini",No Aspect,None
RVW_00211,Pengiriman sangat aman dari guncangan,No Aspect,None
RVW_00214,Akhirnya kesampean juga punya philea,No Aspect,None
RVW_00217,sukakk bgtt bakal repeat order sihh,No Aspect,None
RVW_00223,"Beliin buat istri, mudah2an suka",No Aspect,None
RVW_00224,Kualitas produk: ⭐⭐⭐⭐⭐,No Aspect,None
RVW_00227,❤️❤️❤️❤️❤️,No Aspect,None
RVW_00231,mantapp sekalii parfumnyaaaaaa,No Aspect,None
RVW_00236,Kualitas produk: Sangat baik,No Aspect,None
RVW_00237,makasiiii hmnsss😭😭😭,No Aspect,None
RVW_00238,ya allahhh jatuh cintaaaaaaa,No Aspect,None
RVW_00239,Product quality: Perfecto!!!,No Aspect,None
RVW_00240,Sampai tepat waktu dan aman,No Aspect,None
RVW_00242,Original.,No Aspect,None
RVW_00244,Kecintaan sepanjang masa.,No Aspect,None
RVW_00245,AKHIRNYA DAPETTT😍😍,No Aspect,None
RVW_00246,Botol ketiga ku😄…..,No Aspect,None
RVW_00247,Bgusss,No Aspect,None
RVW_00262,"Pengiriman sangat aman, cepat dan barang sesuai. Thank you!",No Aspect,None
RVW_00264,"barang bagus gada mines sama sekali, pokonya terbaik lah memang",No Aspect,None
RVW_00266,good product... premium... baru mo coba... recommended seller 👍👍,No Aspect,None
RVW_00274,pengirimannya yang cepat dan tepat. serta barang yang terkirim sesuai,No Aspect,None
RVW_00277,"This is my hundreds times, and not even a once I get bad experience, and now I even have a purse as an extra, thank you ❤️❤️❤️",No Aspect,None
RVW_00288,"Mantep! Gratis tester alpha, voucher 25k, dan kartu garansi! hehe… selalu terbaik! Thanks!!",No Aspect,None
RVW_00316,Terima kasih barang diterima dengan baik,No Aspect,None
RVW_00335,Product quality: Good Dapat bonus cermin.,No Aspect,None
RVW_00341,"Kualitas produk: baguss bangett pliss, first perfume hmns akuu terimakasih seller, gercep bangett asli, ngeklik hari ini besoknya datengg",No Aspect,None
RVW_00344,suka banget sama parfum nya🤩 sama makasih juga buat kalender 2026 ☺️,No Aspect,None
RVW_00345,Alhamdulillah puji syukur saya mendapatkan give calender spesial dari HMNS. Senang sekali rasanya dapat paket yang tak terduga... semoga HMNS semakin sukses selalu. terima kasih atas bantuan bencana dari HMNS semoga dapat dialokasikan dengan baik. ☘️🍃✨,No Aspect,None
RVW_00346,bintang 4 soalnya ga dikasih bonus beli 2 biji masa ga dibonusin ahhh admin mahhh soalnya liat di FYP pembelian diatas 500k dapet bonus apa gitu lupa lagi next order deh harus dibonusin ya bonusin adminnya gapapa,No Aspect,None
RVW_00348,loved it. arrived safely and even got a sample. might buy the lotion now haha,No Aspect,None
RVW_00349,"Seneng banget dapet voucher 25k, trus free handuk bagus banget ada logo H nya, kerennn BANGETTTT !!! Product quality: ORIGINAL !",No Aspect,None
RVW_00350,sangat amat baik tokonya amanah,No Aspect,None
RVW_00352,Bagus. Semoga kualitas sesuai yg dikatakan para pemakai yg lain.,No Aspect,None
RVW_00354,Sampai dengan lumayan cepat dan paket dalam kondisi aman Product quality: Masih di resting beberapa hari dulu,No Aspect,None
RVW_00355,Product quality: Alhamdullilah Mantap barang sampe dengan Selamat,No Aspect,None
RVW_00367,terima kasih 🫡 barang nya sudah sampai . aman 👍,No Aspect,None
RVW_00375,"terimakasih, sesuai pesanan",No Aspect,None
RVW_00377,"barang sudah diterima dengan baik, packing aman dan respon penjual sangat cepat (recommended) Semoga cocok dengan aromanya utk menambah kepercayaan diri 👍",No Aspect,None
RVW_00382,"mantappp, seller dan parfumnya. dapat bonus juga. sudah ketiga kalinya transaksi. mantap",No Aspect,None
RVW_00385,Bonus orgsm. Nice product 👌🏻 good service from humins. Thanks,No Aspect,None
RVW_00394,"beli untuk yg kedua kalinya... cukup puas,dengan produk... 👍👍👍👍👍",No Aspect,None
RVW_00395,barangnya ajib servicenya ajib ⭐️⭐️⭐️⭐️⭐️,No Aspect,None
RVW_00402,"response admin cepat, pengiriman pakai sicepat yang cepatnya juga ga main-main, parfumnya mantap, sangat puas",No Aspect,None
RVW_00403,"Pelayanan yang baik, pecah langsung dikirim yang baru, top deh, dan cepat lagi sampainya",No Aspect,None
RVW_00424,"biarkan⭐ yang berbicara, tidak pernah kecewa beli di sini",No Aspect,None
RVW_00434,Grecu6ojiuvrs bksisjhsusuwjsisuwbsnsusywhsis77262beieiwjjjjjiijjjwjbwjwuswjowiwuwbwnwisuwnwkwos7eywbnsisjnsnsisnsushsnjsisusjamsjdisuwh6wiwisnjsusbsusbsisnoskajzbs6ei2nyshana8znwks8zywbskisusnwos9suwhnwuzyy28nehsomaoamzhzyabosixunaksixhnsksixusnks8xnwmsyu19mwuxysnslkxuhansoizmsjzjzisnndidnidmw9wn2ms,No Aspect,None
RVW_00441,Barang cepat sampai. Packing aman. Terimakasih,No Aspect,None
RVW_00452,Kualitas produk: Berkualitas,No Aspect,None
RVW_00454,Yeaayy akhirnya parfum favorit nyampe jugaaa,No Aspect,None
RVW_00468,mantap semoga tahan penggunaan setahun.,No Aspect,None
RVW_00476,Kualitas produk: Mantap Kualitas bagus,No Aspect,None
RVW_00490,"Product quality: baguss banget, aman ga ada mines",No Aspect,None
RVW_00495,"Kualitas produk: Mantaap, sesuai dengan kebutuhan sehari hari",No Aspect,None
RVW_00498,"Saya sudah mengenal dan memakai produk ini,makanya saya beli lagi karena sudah pakai sebelumnya itu saja petunjuknya tidak usah diragukan lagi. Terima kasih",No Aspect,None
RVW_00499,Mantaappllaaahhhh.... gak tumpah....,No Aspect,None
RVW_00502,mantap. dikirim cepat. dan ada bonus gantungan kunci,No Aspect,None
RVW_00505,Kualitas produk: Original donggggg,No Aspect,None
RVW_00506,"terima kasih, parfum dah sampe dg slmt. ini order utk yg kesekian kali, coba varian beda... semoga cocok.",No Aspect,None
RVW_00511,"Wishlist dari dulu malah baru beli, beli yang lain ini terakhir. the best",No Aspect,None
RVW_00512,Thx 🙏🏼 dikasih bonus juga dan dikasih diskon utk next pembelian. Thx 😊,No Aspect,None
RVW_00517,First time trying this perfume. Semoga wanginya cocok,No Aspect,None
RVW_00519,Terima kasih HMNS atas free gift nya Loved 😍,No Aspect,None
RVW_00521,"Good good tiga2nya. Dapat bonus Orgsm 1, thank you",No Aspect,None
RVW_00526,"DIA SUKA PARFUMNYAAA ! dari dulu langganan hmns emg gapernah mengecewekan sih , SUKSES SELALU HMNS 🤗",No Aspect,None
RVW_00531,"Waaaah, ga terkira kalo dapat bonus extra, terimakasih hmns teams",No Aspect,None
RVW_00538,Wih mantap dapat bonusan🫡🫡 ga nyesel belanja di HMNS,No Aspect,None
RVW_00539,"Farhampton nya sudah sampe dgn aman, coba utk pertama x,",No Aspect,None
RVW_00540,"nyoba, kata orang orang rekomended... moga cocok dan repeat order... kurir juga cepat...",No Aspect,None
RVW_00543,besttt pokoknya,No Aspect,None
RVW_00544,"Dikasih gifttt, makasih yaaaa Bwat pacarku sih ini jdnya gatau gmn bau nya wkwk",No Aspect,None
RVW_00554,"parfum impiann, akhirnya kebeli juga setelah lama jadi waiting list 🤧, thankyou seller aman baranya dkirim sampai jepang",No Aspect,None
RVW_00559,Damn... parfum yang diidamkan karena penasaran sama wanginya.. trimss.. semoga istri suka..,No Aspect,None
RVW_00560,"Barang yang dikirim sesuai dengan pesanan, terimakasih seller",No Aspect,None
RVW_00561,I LOVE THIS PARFUME SO MUCH!!!!! akhirnya bisa kebeli yang fullsize nya hehe :3,No Aspect,None
RVW_00579,Really made my day.. habis capek desak2an demi antri vaksin.. pulangnya disambut sm si O yg udh ditunggu2 sejak kemarin.. 🥰🥰🥰🥰,No Aspect,None
RVW_00594,awalnya beli starter pack alhasil makin galau mo beli yg manaa setelah lama mikir akhirnya pilihan jatuh ke orgasm 🥰,No Aspect,None
RVW_00598,"puas bgt belanja di hmns, terimakasih bonusnya...",No Aspect,None
RVW_00599,Sempurna ...... Makasih bonus botol kecil nya,No Aspect,None
RVW_00600,Akhirnya... Terima kasih Humins 🥲🙏👍,No Aspect,None
RVW_00601,tambahin promonya dong kak wkwkwk suka bgt,No Aspect,None
RVW_00604,good. semoga suka buat kado soalnya,No Aspect,None
RVW_00605,Tap mantappppp.... Ori 👍🏻👍🏻👍🏻,No Aspect,None
RVW_00608,barang sesuai deskripsi... mari support brand lokal.. recommended seller,No Aspect,None
RVW_00617,"please help, gue bingung mau pilih eos atau orgsm, gue order duaduanya, soalnya yg satu buat dikasih ke doi😂, dapet bonus pula dari hmns",No Aspect,None
RVW_00622,"Recomended banget pokoknya,ramah, fast respon, pengirimannya juga cepet banget. Selalu puas pake parfum ini. Thanks juga buat hadiah buku catatan sama voucer 25k nya, selebihnya biar bintang yang berbicara 👍👍👍",No Aspect,None
RVW_00631,"gitu deh cocok buat nembak wkwk, sayang gadapet bonus test",No Aspect,None
RVW_00639,LOVE THIS AS ALWAYSS❤️🔥 Thankyouu hmns for creating this and keep it up!!,No Aspect,None
RVW_00644,"Pertama kali beli parfum disini, secara keseluruhan sangat puas dengan pelayanannya. Barang pertama kali dateng pecah, Alhamdulillah seller mengirimkan kembali parfumnya. Terimakasi Humins 🙏😁",No Aspect,None
RVW_00649,"yang di tunggu2 tiba jugaaa, udah lama penasaran banget sama ini perfume!",No Aspect,None
RVW_00654,pengemasannya rapi dan aman yg pasti. udah dapet voucher+ dapet tester parfum varian lainnya juga,No Aspect,None
RVW_00656,"kemarin datang agak bocor sedikit & retak.. ajuin komplain ke CS langsng dikirim ulang, kmrn sdh sampe lgi barangnya dan aman.. thanks kak..",No Aspect,None
RVW_00661,"Udah 2x chekcout HMNS O ini, 1 buat istri, 1 buat ibuk. Alhamdulillah pada suka, kali ini malah dapet bonus reed diffuser nya home of humans sama vial 5ml the perfection, thanks tim HMNS, ditunggu parfum terbarunya yg buat cowo, sukses 👍🏻",No Aspect,None
RVW_00664,"Pesanannya sesuai, barang masih di segel waktu sampai, ada garansi resminya, dapat voucher untuk pembelian berikutnya dan proses pengirimannya cepat.",No Aspect,None
RVW_00666,Botol keempat 😁 Nggak bosan-bosan. Puas. ❤,No Aspect,None
RVW_00675,Mantaaaaaaaaaaaaaaaaaaaaaaaaaaaaaaaaaaap,No Aspect,None
RVW_00676,"Bagusssss, original dan dapat Bros juga.",No Aspect,None
RVW_00682,"I REALLY LIKE THIS! aku awalnya smpet coba"" in parfum ini di beberapa mall, trus aku bingung mau beli yg mana, cuma ada 1 yg kecantol di pikiran ku, yapp hmns orgsm ini 💕🫰🏻 jdinya aku beli di online karna aku ga sempet ke mall lagi, VERY GOOD 🫶🏻 wajib coba ini",No Aspect,None
RVW_00685,"Produk original HMNS 100ml. Dapet bonus dompet. awal beli tester yg 5ml,calon istri suka langsung co yg 100ml",No Aspect,None
RVW_00691,Huhu akhirnya parfum kecintaan gw dateng juga 😍,No Aspect,None
RVW_00697,masyaAllah 😍👍👍👍👍👍,No Aspect,None
RVW_00698,Kualitas produk: Bangus Barang diterima dalam keadaan baik dan sesuai dengan pesanan,No Aspect,None
RVW_00710,waktuu mau buka paket terheran2 kenapa kotak nyaa dua. ternyata isi kotak yg 1nya itu Topi 😍. topinyaa bisa untuk suamiku. next mau coba philea.,No Aspect,None
RVW_00717,Good bgt pokoknya...andalan aku bgttttt❤️❤️❤️❤️,No Aspect,None
RVW_00718,"Sesuai, barang aman, dpt free diffuser thankyouu",No Aspect,None
RVW_00719,"Best, udah punya 7 varian HMNS sukaaaaaa 🩷🩷",No Aspect,None
RVW_00720,"udah beberapa kali beli, selalu sukaa. makasih tester dOs nya",No Aspect,None
RVW_00724,orderan yang kesekian kalinya dan tidak pernah mengecewakan plus dapat gift dari tokopedia thankyou 🤗,No Aspect,None
RVW_00726,"terima kasih banyak kak, dapat bonus juga, senang dan puas banget",No Aspect,None
RVW_00732,"cocok, dan aman sampai dengan selamat untuk wangi belum tau, karna buat hadiah",No Aspect,None
RVW_00736,Cepat bgt baru PO langsung nyampe! Gak nyangka dapet Angpaoo 😍 Terimakasih HMNS! Sukses selalu! ✨,No Aspect,None
RVW_00739,udah lama banget pengen ini akhirnya kesampean😭🤍🤍,No Aspect,None
RVW_00743,Respon penjual baik sekali...barang bagus dan dikasi bonus tester dan voucher...very recommended seller...,No Aspect,None
RVW_00767,"produk sesuai dengan deskripsi penjual, dapet voucher juga dong guys, mantapp 👍🏽 recommended seller",No Aspect,None
RVW_00768,"BELI ORGSM DAPET BONUS COMFORTISER 😭😭😭 padahal beli orgsm karena emang udah habis dan gatau hmns lagi ada program trick or treat huhu THANK YOU, TIM HMNS. What a treat! 🧡",No Aspect,None
RVW_00777,"toko fast respon n sangat ramah, proses dari order sampai kirim ke kurir sangat cepat, estimasi pengiriman sesuai, packing paket sangat aman dan barang diterima dengan baik.. suka dengan produk nya, sesuai dengan deskripsi..",No Aspect,None
RVW_00782,"thanks HMNS, padahal order lewat dari tanggal promo, tapi masih dapet promo decantnya 🖤",No Aspect,None
RVW_00787,pengiriman sangat cepat seller fast respon puas banget pokoknya dikirim ke jkt aman juga mantab,No Aspect,None
RVW_00788,Baru pertama kali coba parfume ini. Mudah mudahan cocok dan akan kembali beli lagi di sini dengan produk HMNS O ini. Good job HMNS team,No Aspect,None
RVW_00792,"Barang mantapp, yg di inginkan dari dulu, giliran beli buat kado hehehe",No Aspect,None
RVW_00793,Still my favorite parfume and thank you Tokopedia for the gift!!💌,No Aspect,None
RVW_00797,pembelian ketiga dari HMNS dan selalu puas ☺️ thanks seller!,No Aspect,None
RVW_00803,"saat pertama diterima Parfumnya bocor tetapi team Hmns gercep bgt respon nya,so aku WhatsApp lgsung di respon dan bisa lgsung tukar",No Aspect,None
RVW_00804,"terimakasiih, parfumnya udah sampai dengan baikkkk.",No Aspect,None
RVW_00809,"foto pertama foto dmn orderanku pas sampai itu hancur parah, setelah itu aku kontak lgsg huminsnya alhamdulillah responnya baik dan hari itu jg lgsg dikirim pengganti yg baru, masyaallah terimakasih byk ya hmns dan humins, gak nyesel emang masih setia sama orgsm dan hmns 😭🤗❤❤",No Aspect,None
RVW_00812,"proses cepat, packing cepat, cuman di dalem buble wrap ada semut kecil-kecilnya. proses pengiriman cepat. insyaallah beli lagiiii",No Aspect,None
RVW_00822,kayanya warnanya aga lebi pekat ya sekarang? gpp aku tetap syukaa. dapet bonus juga lagi. makasih banyaak☺️,No Aspect,None
RVW_00823,Gausah diragukan lagi sesuka itu😭😭 Dapet tester home of humans jg seneng bgtttt karna dr lama udh kepo sama reed diffusernyaaa! Thank you hmns❤️,No Aspect,None
RVW_00827,They know how to impress the customers so well ❤️,No Aspect,None
RVW_00829,Barang sampe dengan cepat dan dikirim oleh kurir pilihan sehingga pengiriman sangat aman.,No Aspect,None
RVW_00840,"mantap pembelian ke 2 buat hadiah , bonusan vial EOS , josss",No Aspect,None
RVW_00843,Orderan kesekian kali dan selalu puas banget. Pengirimannya sangat cepat. Dan team HMNS sangat ramah and very helpful. And I love their product 😍😘 Hey i got hadiah juga Thank u HMNS,No Aspect,None
RVW_00849,Barangnya sudah tiba semalam dan hari ini baru bisa komen karna skalian mau dibuat olahraga dan yaps sesuai harapan cocok untuk kegiatan outdoor dan untuk yg suka berkeringat cocok parah dah rekomend 👍,No Aspect,None
RVW_00858,pengiriman cepat sesuai estimasi waktu produk sesuai recommended,No Aspect,None
RVW_00877,"overall oke, cuma pilihan kurir yg terbatas di 1 opsi aja.",No Aspect,None
RVW_00879,yeay ga selalu happy unboxing paket dari hmns 🥰 ga sabar mau cobain seneng banget bisa nambah koleksi parfum dr brand ini semoga next bisa nyoba wangi lain 😊😇,No Aspect,None
RVW_00881,"Si paling suka alpha, walau udah banyak varian yang baru,, terima kasih juga buat gift sample Farhampton nya 🤗, udah pernah beli sih kalau Farhampton tadinya berharap dapet sample lain kayak EOS, O, atau yang lain *si paling ngarep wkwk Terima kasih banyak ya HMNS ❤️👍",No Aspect,None
RVW_00883,Seperti biasanya Kualitas oke Pengiriman sesuai estimasi waktu Overall good,No Aspect,None
RVW_00886,wah asli pertama kali cobain parfum lokal ini lgsg suka dan banyak banget bonusnya dr kartu garansi dan voucher pembelian berikutnya. menurug gua gokil sih ini. makasih min,No Aspect,None
RVW_00905,"SELALU suka buka paket dari HMNS! Kayak pasti akan dapat tanda cinta gitu. Bener aja kan, dapet bonus vial Home of Humans yang epic banget juara buat dipasang di mobil. Segeralah rilis produk parfum mobil Humins! Gokil sekali.",No Aspect,None
RVW_00919,"Udah dari dulu jadi andalan buat memikat istri orang. Sempet pindah ke Prestige, eh binornya kabur. Yaudah balik ke Alpha.",No Aspect,None
RVW_00921,makin ganteng make parfum HMNS ALPHA 🤩,No Aspect,None
RVW_00925,"sesuai deskripsi,,,,,,,,,,,,,,,,,,,,,,,,,",No Aspect,None
RVW_00943,Paket aman dan cepat sampai. Terimakasih,No Aspect,None
RVW_00955,tolong lah yaa ekspedisi sap lebih kompeten lagi jadi jasa pengiriman. klo gini terus para customer tokopedia bisa kabur ke mp sebelah yang berarti kemitraan lu dgn tokped bakal jelek semoga keluhan gw bisa di dengar sama tokopedia dan suruh benahi sistem pengiriman sap ps: barang yang di order dari tanggal 26 nov sampai tgl 4 desember dalam keadaan ok dan sesuai yang di pesan,No Aspect,None
RVW_00959,"Pengiriman cepat, produk OK.. Baru akan di coba.. Tp felling sih OK ini produk.. 👍",No Aspect,None
RVW_00962,makasih ya... mantap pake bangett😘😘😘😁🙏👍,No Aspect,None
RVW_00964,"Pembelian kesekian, puas banget pakai produk ini👍👍 Recommended !!! ada bonusnya 👍, terimakasih Terimakasih 🙏",No Aspect,None
RVW_00974,"niat hati mau CO parfum sndiri dan iseng liat parfum istri trnyata udah mau habis kepikiran pgn beliin buat surprise aja sekalian, DAAAANN... bnran gak tau kalo emg hr itu pas lg ada surprise jg dr hmns krn emg lg gak mantau IG HMNS, alhamdulillah dpt ADDICT 1 pcs.. seneng bgt doong pastinya.. makasih bnyk HMNS",No Aspect,None
RVW_00980,"Udah pernah punya sebelumnya, semoga kualitasnya ngga menurun ya, anw dapet bonus 5ml perfection 🫣 wow",No Aspect,None
RVW_00985,"Seperti biasa, bintang 5 👍 dikasih testernya unrosed pula.. thanks HMNS 👌",No Aspect,None
RVW_01003,"Barang sesuai dengan, pengiriman cepat dan ada tambahan orgasm parfume di dalam paketnya",No Aspect,None
RVW_01006,"kaget waktu buka dusnya ada bonus ancang, unik banget cara utk menghargai pelanggan nya, sangat mengesankan. Ini udh pemesanan kedua alhamdulillah puas",No Aspect,None
RVW_01031,Mantap pembelian yg kedua kalinya. Terbaik,No Aspect,None
RVW_01035,keren lah pokoknya. mewah! keep on HMNS.!,No Aspect,None
RVW_01048,Kualitas produk: Alhamdulillah Barang diterima dengan baik dan pengiriman cepat terimakasih 🙏,No Aspect,None
RVW_01054,"Setelah melihat banyak review dan banyak teman yang merekomendasikan akhirnya kali ini pertama kali nyobain parfum HMNS, pilihan pertama jatuh ke varian yang alpha 🔥",No Aspect,None
RVW_01062,Alhamdulillah sangat bahagia xixixi,No Aspect,None
RVW_01064,Kualitas produk: Sangat bagus kali Sesuai yg di pesan,No Aspect,None
RVW_01069,Sudah 2 tahun pakai hmns alpha dan ga pernah kecewa,No Aspect,None
RVW_01075,"Kualitas premium banget, bagus top..the kualitas HMNS",No Aspect,None
RVW_01076,Aaaa masi ga percaya🤣 Kaget dpt gift dari hmns😍 maaciw sukses terus buat hmns ya❤️❤️❤️ Kualitas produk: The best 💯,No Aspect,None
RVW_01077,"HMNS mah tidak pernah mengecewakan, btw tengkyu untuk topinya yaa",No Aspect,None
RVW_01078,Kalau untuk brand ini ma udah paling besttttt. Original bgt,No Aspect,None
RVW_01081,"Puas banget belanja di lapak ini, terimakasih... dan semoga tambah sukses dan berlimpah berkah ya...",No Aspect,None
RVW_01090,"i think i found what i have looking for, thank you HMNS",No Aspect,None
RVW_01092,barang sampai dengan selamat 👌,No Aspect,None
RVW_01093,terbaiikkkkkkkk,No Aspect,None
RVW_01096,"respon cepat, pengiriman jg cepat, barang selalu kualitas 5/5, sudah jd pelanggan setia dari awal hmns starter pack alpha",No Aspect,None
RVW_01098,"barang sampai dengan selamat dan diterima dengan baik, dan dpt bonus parfume promosi kecil",No Aspect,None
RVW_01101,"Mantebb nih, sebelumnya coba yg farhamptoo dan sukaa..kali ini mau coba yg alpha. Mayan dapet bonus dari 10.10 variant addiction",No Aspect,None
RVW_01104,udah 2 tahun oake hmns varian alpha dan blm kepikiran ganti varian karna udh nyaman,No Aspect,None
RVW_01105,cepet banget sampenya.. dpt bonus tester yg kecil.. trims,No Aspect,None
RVW_01112,Akhirnya bisa beli juga setelah mengendap lama di keranjang,No Aspect,None
RVW_01130,"cocok banget yg lagi binggung cari gift, thankyouu trlqh memacah kebutuankuuu",No Aspect,None
RVW_01144,diterima dg selamat tanpa cacat. dan hamdalah kebagian promo free farhampton nya wlwl tq hmns..,No Aspect,None
RVW_01163,Uda beli berapa kaliiiii love bgt elea sooo muchhh,No Aspect,None
RVW_01170,semua terlihat premium... yakin lah sama hmns... recommended seller 👍👍,No Aspect,None
RVW_01209,Canciiii 😍🥰 banyak free nya,No Aspect,None
RVW_01216,"Puas bgt belanja disini harga & kecepatan kurir sesuai seneng dan happy tidak mengecewakan, terima kasih",No Aspect,None
RVW_01260,udah purchase berkali kali dan sejatuh cinta itu emang sama elea. makasi tim hmns dan paus yg udh bikin elea ada. pengiriman nya cepat dan admin juga responsif bgt.,No Aspect,None
RVW_01264,"botol ke 3 dari elea , plisss jgn discontinue sampe kiamat ya ehehe , secinta itu aku sama elea 😍🥰🫶🏻",No Aspect,None
RVW_01281,Mama ku suka bgt,No Aspect,None
RVW_01284,"yay yay yayy uda sampee, next bakal order lagiiw atau cobain philea xixixi, produksi elea trus yac hmns. luv luv😘🫰💖",No Aspect,None
RVW_01297,"Kualitas produk: bagusss bangatttt, tsukaaa🥰😍, pelanggan garis keras HMNS niih🤩",No Aspect,None
RVW_01298,"Wishlist dari lama atas rekomendasi orang2. Baru pertama kali coba, semoga cocok",No Aspect,None
RVW_01312,Secinta ini aku sama elea 🥰 dah botol ke 3 🥰,No Aspect,None
RVW_01315,"Alhamdulillah paket sudah datang,, express kurir amanah... Dan dapet voucher 15k... Thankyou Untuk parfum belom coba",No Aspect,None
RVW_01316,AaaA paketnya sudah sampai. aku malah dapat free tempat minum hmns x tsana😭🤍,No Aspect,None
RVW_01317,wishlist dari lamaaa baru dicheckout pas 11.11 ga ekspek dapet tumblr gemassshhhh😖🤏🏻 thank u hmns🥺🫰🏻,No Aspect,None
RVW_01322,"POKOKNYA AKU UDAH PAKE DARI LAMA DAN SUKAAAAA, YUYUR ENDYULLLLLL",No Aspect,None
RVW_01338,LOVE TRIMS UNTUK GIFT NOTE BOOKNYA+VOUCHER 🙏😘❤️,No Aspect,None
RVW_01339,just got so speechless sksksbfksndk the best deh hmns x tsana🙆🏻‍♀️🐋,No Aspect,None
RVW_01346,"Mantap, packing aman, respon dan pengiriman cepat 👍👍👍",No Aspect,None
RVW_01367,its a fragrance or a friendgrance?? 🤍🤍🤍🤍🤍🤍🤍 i woof u hmns🤍,No Aspect,None
RVW_01385,"hello us, now i know u so close w me🤍 dan HMNS terima kasih sudah berkenan mewujudkan wanginya Mbak Daus🐳",No Aspect,None
RVW_01396,"huhu sukaaaa bangettt, sesama cegil kyungsooo jadi wajib beli ini 😭",No Aspect,None
RVW_01399,"si pertama kali banget nyobain hmnsxtsana, barangnya sampai dengan selamat",No Aspect,None
RVW_01407,SYUKAAKKK THANKIESS HMNS TEAM AND TSANAAA ❤️,No Aspect,None
RVW_01458,"Sayang amat, dapet samplenya yg Perfection. Udh punya, banyak, 2x beli.",No Aspect,None
RVW_01459,"Beli yang ke 2x nya eos mantap , cuman yang giftnya pecah 😢 tp yaudah lah gakpapa penting eosnya aman sentosa",No Aspect,None
RVW_01465,"Perfumenya, reed difusernya, juara! adminnya ramah, vouchernya juga ramah banget hihi (terimakasih), lagi dibuat jatuh cinta sama produk HMNS 🤗",No Aspect,None
RVW_01474,barang nya bagus bgt..sesuai keinginan saya terima kasih HMNS di tggu orderan berikutnya,No Aspect,None
RVW_01479,Terimakasih parfumnya sampai dengan selamat 😊 Nyampe nya hari sabtu pas engga ngantor jd baru di unboxing hari ini. Alhamdulillah ngga ada yg fail.,No Aspect,None
RVW_01484,udah ke 3 kali nya pake HMNS 👍👍 jadi manusia wangi 😄 CO di 10.10 di kasih bonus topi. Mandepppppp ... thanks HMNS,No Aspect,None
RVW_01486,"Gak pernah gagal, selalu suka sama EoS ini dan pelayanan dari team. terimakasih bonus kalendernya..",No Aspect,None
RVW_01492,Seneng banget! 🫶🫰🏻❤️,No Aspect,None
RVW_01494,Untuk yang ke sekian kalinya. Dan senengnya lagi pengiriman kali ini cepat banget sampenya! ❤❤❤,No Aspect,None
RVW_01499,"dateng-dateng ko paketnya double, ternyata ada giftnya si bola² mandi, terima kasih banyak~ eos dari tahun lalu sudah jadi daily parfum ku 🤗",No Aspect,None
RVW_01512,"Lagi lagi dan lagi order, terima kasih barangnya sudah sampai dengan baik, biasanya plus dapet parfum mini (tester?), sekarang dikasih gratisan goodibag, terima kasih~",No Aspect,None
RVW_01521,"Akhirnya, punya juga full size nya. Setelah sekian lama pernah punya versi decant, dan sy kira gk sukak. Kmrn nemu lg si decant nya, dan akhirnya memutuskan beli full size. Gk heran sih, jd laris dan viral.",No Aspect,None
RVW_01524,"Pelayanan penjual sangat bagus, kualitas produk nya mantap, pengemasan oke, pengiriman juga cepat, 2 jempol pokoknya.",No Aspect,None
RVW_01529,"Paket selamat, Pengiriman cepat & Istri suka.",No Aspect,None
RVW_01532,Fix ini parfum terperfect buat gue ... Suukaaa,No Aspect,None
RVW_01535,HMNS the best! Eos the best!,No Aspect,None
RVW_01538,perfume favorite❤❤❤,No Aspect,None
RVW_01544,kereeeeeennnnnnnnnn,No Aspect,None
RVW_01545,botol ke-3 🥰 secinta itu sama HMNS EOS sampe buluk banget karna dipakai terus.,No Aspect,None
RVW_01548,"Ceritanya gue abis beli minyak wangi hmns, biasa korban live tiktok jadi co, trus pas sampe ko dusnya ada 2, gue pikir ah paling dus kosong biar ga pecah kali ya, lah dpt topi. Ini emang kalo beli minyak wangi hmns dpt topi kah???? Gue baru pertama beli soalnya. Btw makasi topinya min",No Aspect,None
RVW_01550,"Respon toko cepat, pelayanan baik dan maksimal. Senang berbelanja di toko ini, produknya sesuai dengan deskripsi dan cocok untuk wanita. Packing aman, terima kasih.",No Aspect,None
RVW_01559,Umamiiiiiii…. Badabesttttt…..,No Aspect,None
RVW_01560,"pengiriman cepat, pesen sabtu, senin udh nyampe terus dapat vial unpatched sama orgasm 👍🏻",No Aspect,None
RVW_01562,"please help, gue bingung mau pilih eos atau orgsm, gue order duaduanya, soalnya yg satu buat dikasih ke doi😂, dapet bonus pula dari hmns",No Aspect,None
RVW_01563,"terima kasih banyak kak, dapat bonus juga, senang dan puas banget",No Aspect,None
RVW_01582,"farhampton....alpha...orgsm....eos...udah dicoba semua,tinggal perfection👌👌👏👏👏",No Aspect,None
RVW_01592,"I've been using hmns since day one, and I can't stop loving it",No Aspect,None
RVW_01593,"sempet barang dateng dlm kondisi pecah isinya abis , untung saat chat ke hmns langsung di respon dan di ganti baru. kurang lebih 3 hari . thanks 🙏",No Aspect,None
RVW_01598,"barang sesuai deskripsi, cepat sampai, admin nya sangat responsif 👍",No Aspect,None
RVW_01610,"Paketnya sampai dengan selamat ketangan yg ultah, terima kasih ya Hmns",No Aspect,None
RVW_01622,"Recommended seller, admin nya ramah sekali. barang sampai dengan lancar, packing rapih dan aman",No Aspect,None
RVW_01634,mantap2 beli parfum dapat ancang terimakasih hmns,No Aspect,None
RVW_01635,"nggak pernah nyesel langganan disini, fast respon",No Aspect,None
RVW_01639,Sampai dengan selamat dan cepat thankyouu,No Aspect,None
RVW_01641,luvv banget! cepet jugaaa pengirimannyaa,No Aspect,None
RVW_01643,thank you free sample orgsm nya ka 😍,No Aspect,None
RVW_01646,MEVVAH!!! Bakal repeat order sih pasti,No Aspect,None
RVW_01647,ayo beli lokal 😁,No Aspect,None
RVW_01651,produk telah sampai dengan selamat & happy banget dikasi bonus mini parfume. Thankyou HMNS,No Aspect,None
RVW_01660,"Sukak banget sama HMNS walau agak lama tapi penantian ga ngecewain sama skali, dapat bonus tempat kartu😍 terimakasih HMNS💖",No Aspect,None
RVW_01661,"Sukaaaaaaa.. terima kasih untuk kalendernya, dan 12 voucher setiap bulannya",No Aspect,None
RVW_01662,"barang sudah sampai tujuan, sesuai pesanan, good quality, sudah berlangganan sejak SMA, recommend seller, terimakasih🙏",No Aspect,None
RVW_01667,"keren sihh cepat pengiriman nyaa ,",No Aspect,None
RVW_01668,I’m just gonna have to get a hold you and get a hold of the doctor to get you in the morning to get your prescription and I will get you the prescription,No Aspect,None
RVW_01669,"pengiriman nya cepet , dan baru kali ini beli parfum hnms banyak bgt hadiah nya , terima kasih ka",No Aspect,None
RVW_01674,Paket sudah sampai dengan aman. Sudah punya 9 varian Parfum dari HMNS. Terima kasih,No Aspect,None
RVW_01679,"Pengiriman cepat packing rapih,seller ramah responsif",No Aspect,None
RVW_01684,"Sukaaaa banget sama EOS, Alhamdulillah kesampaian beli full size nya hehe",No Aspect,None
RVW_01686,Pengirman cepaaaattttt ...mantapppp kak Dpt bonus juga tks,No Aspect,None
RVW_01694,"Yuhuuu makasih barangnya udah sampe, alhamdulillah istri suka ogut beliin EoS, alpha nya buat ogut hehe",No Aspect,None
RVW_01699,"Order kesekian kalinya, dan belum pernah mengecewakan.",No Aspect,None
RVW_01705,"Pelayanan cepat mantap, produk dikirim sesuai order, dapet free incense juga",No Aspect,None
RVW_01707,Lucu bgt dikasih notebook^^ Jadi makin setia ama hmns🫰🏻,No Aspect,None
RVW_01713,"sampai dengan selamat. belum dicoba sih, semoga saya cocok. kalau enggak ya ready to jual lagi hehehe...",No Aspect,None
RVW_01717,"Sesuai ekspektasi dan review disana sini, makasih juga voucher dan sample mininya ya",No Aspect,None
RVW_01720,Tks seller & kurir…👍🏼👍🏼 paket sampai lbh cpt dr estimasi.,No Aspect,None
RVW_01721,"akhirnya kebeli juga setelah ngabisin yg orgasm, dabest sih 💪",No Aspect,None
RVW_01726,"Barang selamat sampai tujuan, untuk bau no comment karena beli untuk hadiah 😂. Dikasih bonus juga hair mist gede banget sama seller, Thank you so much 🤙🏻",No Aspect,None
RVW_01729,Untuk pelayanan sangat memuaskan Cuma terkendala di pengiriman Gila apa 3 hari g jalan2 dr jastipnya Paket nyampe dengan aman,No Aspect,None
RVW_01737,"awalnya sedikit bingung, mau ambil yang perfection atau eos, karena kerjaan lebih sering jalan-jalan keluar kantor, maka milih eos, dan ternyata tidak salah pilih. eh, dapet bonus starter kit yang perfection. terbaik dah?!!",No Aspect,None
RVW_01741,"Setelah pakai parfum ini, yang tadinya dipanggil ‘mbak’ , jadi dipanggil ‘kak’ 😆",No Aspect,None
RVW_01744,"good, kirain bakal dapet vial ternyata engga tapi overall keren kok produknya",No Aspect,None
RVW_01756,"I'm done. DONE BANGEET! Gokil parah sih hyuminnnsss aduh kalian tuh parah bangeeeet. aku sampe sesumbar langsung bilang ""FIX SELESAI UDAH PENCARIAN PARFUMKU. AKU DAH NEMU BELAHAN JIWAKU."" Huhuuu gimana sih kalian kok keren banget mempertemukan aku sama jodohku. Makasih banyak banyak, kalian dapet free pass ke surga jalur mempertemukan jodoh 🙏. Tolong ini jangan sampai discontinued ya, nanti aku bingung gimana kalau kehabisan ini. huhuuu:')",No Aspect,None
RVW_01768,barang sesuai deskripsi... mari support brand lokal.. recommended seller,No Aspect,None
RVW_01775,"Finally..mendarat dgn mulus, kemarin h2c ya untuk dpt ini perfume, alhamdulilah rezeki .. trima ksh bt ream HMNS, sukses trus produk Indonesia yg sdh Go internasional 👍👍👍",No Aspect,None
RVW_01787,"dapat harga promo dan produk sesuai pesanan, pengemasan baik dan rapih, pengiriman sesuai estimasi,",No Aspect,None
RVW_01791,terimakasih bonusnya semoga awet packing aman selalu recommended,No Aspect,None
RVW_01795,"Produk diterima sesuai dengan deskripsi packing aman, pengiriman cepat dan dapat tambahan hadiah.",No Aspect,None
RVW_01796,"Proses order cepet. Packing rapi, baranf cepat sampai. Item yg diterima sesuai.",No Aspect,None
RVW_01804,salah satu varian juara dari HMNS💯 sangat ditunggu untuk inovasi inovasi lainnya di 2023 sukses selalu HMNS✨✨✨,No Aspect,None
RVW_01805,LOVE TRIMA KSH FREE GIFT NOTE BOOKNYA & VOUCHERNYA KAKSAY🙏😘❤️,No Aspect,None
RVW_01807,"Mantap, packing aman, respon dan pengiriman cepat 👍👍👍",No Aspect,None
RVW_01818,Gatau wanginya kaya gimana soalnya buat dijadiin kado 🥲 semoga aja yg penerimanya seneng 🙃,No Aspect,None
RVW_01823,"Purchasing a high-end fragrance is looked at as a luxury splurge, but never as a simple part of your grooming routine. @hmns.id collabs with @rumahatsiri It's all good the aim is to please one's self, that's what fragrance should ultimately stand for.",No Aspect,None
RVW_01853,Sudah kesekian kalinya pake unrosed 🥰,No Aspect,None
RVW_01856,"Thanks HMNS janinya kasih bonus bodymist 100ml datangnya 250ml, mana dapet vocer pula, suskes terus dan banyakin promo lg ya",No Aspect,None
RVW_01862,WKWKW GK EXPECT CUY DAPET KALENDER 2026. excited banget pas buka paketnya karena kepo ko ada paket gedenyaa. terus di kalendernya ada voucher 25k tiap bulan (min.300k) and of course dapet juga voucher 25k (min.200k). Thanks HMNS!,No Aspect,None
RVW_01872,"well sekuut HMNS,",No Aspect,None
RVW_01877,pesanan cepat datang dan kualitas barang sangat baik👍,No Aspect,None
RVW_01886,Barang sesuai deskripsi dan pelayanan penjual ramah,No Aspect,None
RVW_01888,"belum di buka, biar pasangan ku yg buka nanti. ktnya dia pengen bgt parfum ini. pasti dia suka",No Aspect,None
RVW_01893,"pengiriman cepat, barang bagus, dikasih bonus juga 👍",No Aspect,None
RVW_01896,"botol ke tigakuuuu, SECINTA ITU SAMA UNROSED 😍✨️",No Aspect,None
RVW_01899,"prosesnya cepat, pengemasan oke, barang aman dan sesuai deskripsi, terima kasih voucher 25rbnya",No Aspect,None
RVW_01901,"mantap terbaik, gatau udh pesenan ke brp dari hmns ini",No Aspect,None
RVW_01906,dapet bonus dong.. apa ini trik marketing biar beli lg yaaa .. 😅,No Aspect,None
RVW_01917,perfect for all out condition and thanks for the voucher,No Aspect,None
RVW_01921,Seperti biasa. Aku suka bgt dan ini repurchaseku yg kedua si unrosed hahahaha. Saking cintanya. Makasih banyak yahh✨🫶🏻,No Aspect,None
RVW_01925,Barang sudah diterima dengan baik.. Terimakasih bonus nya kak,No Aspect,None
RVW_01939,"Alhamdulillah,,, akhirnya, setelah ikutan perang... dapet bonusnya juga,,, terimakasih hmns n Tokopedia,,,",No Aspect,None
RVW_01962,"Masha Allah, berkah bgt bisa pake unrose buat Jumat barokah besok ke kantor. thank u for the voucher too. love this so much 🤩❤️",No Aspect,None
RVW_01966,"Seneng bgtt dpt free sesuai req, makin cinta dehhh",No Aspect,None
RVW_01992,"dear, Hmns. first thing first, aku blm bisa review Unrosed. karena... kamu belum baca DM ttg nanyain yg cocok aku kasi buat dia apa. ini produk kedua ku dari HMNS setelah war Addict (yang juga dapet di first batch, lucky me) tp keduanya sama sekali masih bersegel plastik karena aku bingung mau kasi yang mana ke dia (he) yang kusayang. dia baik budi, sabar, bijak, well-dressed, dan suka basket. jadinya aku ngadoin dia Addict atau Unrosed, humins? jangan blg 2 2 nya krn akupun mau 1😭👍🏻 kabarin aku, nggak ASAP jg nggak apa2. doain dia mau ya, humins, biar lancar aku ngadoinnya. THANK YOU. cepet bgt war kemarin nyampe hari ini. LUV 💖",No Aspect,None
RVW_02015,Produk bagus. Dikasih bonus Hair & Body Mist pula. Recommend! Pengiriman juga cepat n aman. Terima kasih,No Aspect,None
RVW_02025,Cinta bgt sama unrosed.. ini purchase ke 2 buat gift ke adik.. tks Hmns,No Aspect,None
RVW_02029,thank you banget ya... ga menyesal beli ini malahan kalo ada batch 2 pengen beli lagi hehe please adain batch 2,No Aspect,None
RVW_02031,Bakal jadi parfum fav kedua nih setelah varian O 🥰,No Aspect,None
RVW_02038,"pengiriman cepat, dapet bonus kalender. syukaaaaa😍",No Aspect,None
RVW_02049,"packing aman, pengiriman cepat, sellernya cepat tanggap, barangnya berkualitas, udh 2x beli disini mantap parfumnya. mantap pokoknya",No Aspect,None
RVW_02058,"Thank, Barang tiba sesuai pesanan, Pengiriman cepat, Packaging aman Free gift",No Aspect,None
RVW_02059,"Parfum fav dan andalan kuu kak.. Sllu ter Loveeee..pakaii,wlpun banyak koleksii parfum..ttep ter thabestt sotb..balik ke kamu lagii alwayss maaciii bonuss parfumm kecill nyaa.. Smogaa bonuss2 nyaa lbih banyakk lagii yaa kak.. Hehehe...maaciii kak",No Aspect,None
RVW_02062,"packing safety, barang segel, parfum recomended, original, ga mengecewakan pakai parfum ini, dapat bonus.. thanks 👍👍👍",No Aspect,None
RVW_02068,Barang sudah diterima dengan baik dan komplit. Terimakasih banyak ya,No Aspect,None
RVW_02076,hxhxhd yg mana ya pak terimakasih atas nama siapa ya yang waktu itu total perstiker abis magrib mH yg mana uy malem Minggu nich gan ane juga lu Han kang pinjol yg,No Aspect,None
RVW_02086,"barang udah nyampe, gak kebagian bonus promonyanya..namanya juga selama persediaan masih ada, terima.kasih saff n co",No Aspect,None
RVW_02087,paketnya sudah sampai dan benar-benar puas dengan produknya trims gan....,No Aspect,None
RVW_02095,gaada cacat sedikit pun dan yg selalu suka selalu ada sample varian parfum yg lain👍 sukses selalu Saff n Co ✨️,No Aspect,None
RVW_02097,"Suka baget sama SOTB, sampe ngestock karna takut ntar habis gak bsa co lagi, thank you seller",No Aspect,None
RVW_02098,Udah ke3 kalinya beli disini dan overall mantap good job 👍👍👍,No Aspect,None
RVW_02101,"Jasa Pengiriman yg buruk sekali, kardus diterima dlm keadaan jebol & rusak, untung kardusnya besar, wlpn ga pake bubblewarp tp terlindungi dan tdk pecah, btw dikasih bonus kemasan super mini, trmksh..",No Aspect,None
RVW_02108,Sesuka itu sama sotb 😍😍 repurchase yg ke 2 and bakal repurchase trus ❤️❤️,No Aspect,None
RVW_02115,sebelumnya beli SOTB mini size krn suka beli yang besar. eh skrg diksh tater las pozas.,No Aspect,None
RVW_02121,barang cepat sampai mantappppppppp seller baik,No Aspect,None
RVW_02131,mantap hanya saja pengirimannya lumayan lama tp it's oke parfumnya ori💖,No Aspect,None
RVW_02133,"Lagi lagi beli lagii, parfurm ter the best",No Aspect,None
RVW_02138,Terimakasih pengiriman cepat dan aman. .,No Aspect,None
RVW_02144,"Pembelian ke 2x, pertama travel size skrg yg gede",No Aspect,None
RVW_02150,Mantap pengiriman nya cepet bngt sesuai pesanan mantap pokoknya ga usah ragu lngsng co,No Aspect,None
RVW_02157,Produk sudah sampai. Tidak ada yang bocor dan pecah. Selalu langganan beli varian ini ✌,No Aspect,None
RVW_02163,"Biasa pake yg varian Loui, terus pernah cobain juga bbrp varian lain termasuk S.O.T.B Sekarang mau pake yg ini",No Aspect,None
RVW_02175,Aaakk akhirnya kebagian SOTB setelah sekian lama 🫶 dapet vial ostara yeay,No Aspect,None
RVW_02191,"Kualitas produk: No debat, favorit gw 😅",No Aspect,None
RVW_02193,"Makasih ya, paket nya udah sampai",No Aspect,None
RVW_02212,RECOMMEND UNTUK PRIA,No Aspect,None
RVW_02214,Udah habis 4 botol 💕🤙🏽 suka banget sotb sama ostaria,No Aspect,None
RVW_02220,As always tdk pernah mengecewakan. Sudah 2x co dan selalu memuaskan. Pengirimannya juga sangat cepat. Thx seller 🥰,No Aspect,None
RVW_02227,Sudah tidak perlu diragukan lagi kalo saff n co . Bestttttt,No Aspect,None
RVW_02228,"Kualitas produk: Mantep dah, cuma dari logistiknye aje wkwkwkwk",No Aspect,None
RVW_02236,Sotb udah gak pernah pake yang lain,No Aspect,None
RVW_02240,"yeeay barang sudah sampai, pengiriman cepat, dan sesuka ituu sama parfum saff n co.",No Aspect,None
RVW_02241,Barang sesuai deskripsi. Respons dan pengiriman cepat. Terima kasih.,No Aspect,None
RVW_02242,Kualitas produk: 100% tidak diragukan lagii product dari saff&co pengiriman super satset,No Aspect,None
RVW_02248,Kualitas produk: Terbaik Pengiriman cuma 2 hari setelah pemesanan. Express poll,No Aspect,None
RVW_02273,"BAGUSS BANGEETT DAPETT FREE ILIAD JUGAAA, REKOMENDASI POKOKNYA SOTBB ❤",No Aspect,None
RVW_02284,"Sebenernya salah order 😪, udh pny yg sotb, tdnya mo order ostara..akhirnya sotb ini dijual ke temen dgn harga diskon dikit wkwkwk",No Aspect,None
RVW_02288,Pesanan saya terima dalam keadaan baik terima kasih Seller dan kurir.,No Aspect,None
RVW_02301,"Pengiriman cepat, packing aman sekali,kualitas produk sangat baik, mantapp",No Aspect,None
RVW_02304,Barang sesuai pesanan ya & dikasi freebies ostara👍 Proses pengiriman cepat & Packaging aman 🙏,No Aspect,None
RVW_02306,"Barang sudah diterima, cepat sampai, dan sesuai pesanan. Dapat tester juga.. thank you ya",No Aspect,None
RVW_02308,"Akhirnya restock, gak bakal kecewa deh kalian beli👍🏻 wajib punya",No Aspect,None
RVW_02316,"Suka banget sama parfum ini...finally i have it..., walau pengiriman lama sampai harus dijemput ke kantor ekspedisinya..thank you saff & co i love you...",No Aspect,None
RVW_02318,"Barang bagus dan befungsi dengan baik, pengiriman juga cepat",No Aspect,None
RVW_02325,"sangking cinta nya sama saff & co, sekaligus langsung co 2 varian, pengiriman juga cepet banget, bener2 the best buat pelayanan & juga produk nya!!! ♥️",No Aspect,None
RVW_02332,terimakasih paketnya sdh nyampe. recommended seller,No Aspect,None
RVW_02339,"Saya sangat puas dengan pembelian saya. Produknya berkualitas, pelayanannya memuaskan, dan pengirimannya cepat.",No Aspect,None
RVW_02347,"Original punya capt , lokal pride product yang harus kalian coba darinya saff n co, kirimnya sat set capt",No Aspect,None
RVW_02359,"Kualitas Oke, pengiriman cepat dan dapat sampling. Keren!",No Aspect,None
RVW_02367,"mantap cepat dan ada bonus illiad dan sudah langganan juga tiap parfum habis selalu beli di saffnco, kalo mau coba varian lain dan beli banyak bisa beli varian yg kecilnya gaes",No Aspect,None
RVW_02368,barang sampai dengan selamat thanks seller👍👍👍,No Aspect,None
RVW_02377,Udah ke3 kalinya beli disini dan overall mantap good job 👍👍👍,No Aspect,None
RVW_02384,"barang sudah sampai dengan selamat thanks seller, harga naik mungkin karna mau lebaran kali ya😅",No Aspect,None
RVW_02385,langganan terus di toko ini selalu fast response thanks seller👍👍👍,No Aspect,None
RVW_02386,parfum sampai dengan selamat. first time beli parfum disini langsung jatuh cinta euy asliii no fek fek. puas deh pokoknyaa 🙇🏻 thanks admin udah mau respon positif :)),No Aspect,None
RVW_02387,"Very recommend online seller, responsenya sangat cepat. Pengirimannya juga sangat cepat dan di packing sangat aman. Barang sangat sesuai dengan deskripsi.",No Aspect,None
RVW_02396,"Kualitas produk: Kualitas bagus, pengiriman cepat banget paket sampai dgn aman",No Aspect,None
RVW_02399,pengiriman tercepat dan aman banget.. gak pernah nyesel beli di sini..,No Aspect,None
RVW_02402,Produk sudah sampai. Tidak ada yang pecah. Semoga cocok di aku 👍,No Aspect,None
RVW_02404,sesuai harapan karena toko terbaik langganan,No Aspect,None
RVW_02406,pengiriman cepat dan barang sangat sesuai ekspektasi,No Aspect,None
RVW_02407,Ud beberapa kali beli ... Pertama kalinya beli d tik tok ... Alhamhamdulillah selalu 👍👍👍👍,No Aspect,None
RVW_02409,"Mantap beli solaris ke dua kalinya suka, dapet sample iliad 👍🏼",No Aspect,None
RVW_02422,Saff & co. Dari dulu Mmg tidak mengecewakan,No Aspect,None
RVW_02423,"Mantap,rekomendasi dari teman",No Aspect,None
RVW_02430,"First time nyoba, semoga bisa betah pake ini",No Aspect,None
RVW_02445,"sukaaaa, free pouch dan sample parfume",No Aspect,None
RVW_02460,"Ini orderan kedua aku beli saff & co, dapet bonus jugaaa",No Aspect,None
RVW_02489,Dsscr ffdd this time of the month I can’t sleep and my brain hurts and my stomach is so tired I have no appetite for it,No Aspect,None
RVW_02491,yg dlu suka pakai merk Zar• Boleh coba pakai parfum ini hehe mantap,No Aspect,None
RVW_02493,"Product quality: aku belum bisa buka karna ini gift buat cowokuuu, hehehehe semoga dia sukaaa!! ❤️",No Aspect,None
RVW_02500,"oder minggu instant, kirain senen dikirimnya eh hari minggu malem udh sampe dikantor. thx",No Aspect,None
RVW_02502,"paling cocok sama Solaris sih, eh ternyata dapet tester las pozas.. makasih min",No Aspect,None
RVW_02506,gilsssss gak pernah gagal saffnco,No Aspect,None
RVW_02511,Barang sesuai dengan deskripsi dan pesanan. Pengiriman lancar dan kondisi barang aman.,No Aspect,None
RVW_02514,pengiriman sangat cepat💯 first time coba saff.co & sudah pasti sesuai ekspektasi👍🏼 tidak sabar untuk coba varian lainnya dari saff.co,No Aspect,None
RVW_02534,Manataaaaaapppppppppppz ini sih original bangeetttt,No Aspect,None
RVW_02536,rekomendasi bgt buat kalian yang mau beli parfum.,No Aspect,None
RVW_02539,ekspress 👍👍👍👍 ...,No Aspect,None
RVW_02551,"Kualitas produk: 1000% terbaik maaf vid unboxing nya engga di upload karna durasi nya kepanjangan tapi gapapa, product yang di kirim sesuai, barang diterima dalam keadaan mulus tidak ada kecacatan pada product, pengiriman satset, jangan diragukan lagi kualitas parfum saff & co buktinya gua beli 2 varian saff & co",No Aspect,None
RVW_02556,"Kualitas produk: sangat baik, recommended buat cowo. dah cekout yng kedua kali varian solaris ini asli bikin gebetan gua makin nempel. tadinya berharap dapet free tester varian lain, ternyata ga dapet. but oke lah amann🤙",No Aspect,None
RVW_02583,"Kualitas produk: Sangat bagus, sangat rekomendasi untuk para cowok²",No Aspect,None
RVW_02606,mantap pokok'e,No Aspect,None
RVW_02632,Kualitas produk: sangat bagus Terimakasih sudah datang parfum saff n co yg ostara langganan ku beli disini 😍,No Aspect,None
RVW_02635,mendarat dengan selamat pengiriman cepet banget cuman sehari nyampe pake bebas ongkir sip👍👍👍,No Aspect,None
RVW_02641,"Parfume sudah merapat, semoga sesuai. Mohon maaf belum bisa share wujudnya karena masih diluar kota, tapi karena ini sudah pembelian ke sekian kali maka dapat dipastikan aman dan sesuai harapan. Gasssss.",No Aspect,None
RVW_02648,Udah ke3 kalinya beli disini dan overall mantap good job 👍👍👍,No Aspect,None
RVW_02651,"mantap mendarat dengan sempurna, dapet bonus lagi 👍",No Aspect,None
RVW_02652,Barang udh sampai.... Cepat juga sampai... kali ke 2 order dgn wangi yg sama 😍,No Aspect,None
RVW_02656,Semoga bisa kebeli parian lainnya juga🥰,No Aspect,None
RVW_02660,Pengiriman safety sekali.. suka. Sesuai pemesanan.. 🤗😘,No Aspect,None
RVW_02662,"Kualitas produk: Bagus banget, cuma sayang ga dapat tester nya lagi, biasanya kalau beli selalu dapat tester nya",No Aspect,None
RVW_02676,Gasss. Semoga sih wanginya enak.,No Aspect,None
RVW_02681,blm mau berpaling ke yang lain xixixi Kualitas produk: gosah diragukan lagi saff & co inii,No Aspect,None
RVW_02691,goks goks goks‼️ the best lah ostara mah,No Aspect,None
RVW_02698,"sukaaaa, free pouch dan parfume sample",No Aspect,None
RVW_02702,Kualitas produk: Sangat bagus original,No Aspect,None
RVW_02711,Bener bener parfum yang oaling aku suka dari dulu nyarik nyarik sangat memuasakan dan next bakalan order lagi,No Aspect,None
RVW_02713,"paket sdh sampai dengan bonusnya , terima kasih ☺️",No Aspect,None
RVW_02724,"Kualitas produk: Sangat baik, Dpt bonus jg.. Terima kasih seller.. 🫰🏻",No Aspect,None
RVW_02739,"Pengirimannya cepet banget diterima dengan selamat dan terimakasih bonusnya , insyallah bakal beli lagi yg varian lain 👍😍",No Aspect,None
RVW_02740,"Senin cekout, selasa siang sudah smpe rumah terbaik emang, Kedua kalinya beli dsini, Dpet tester ILIAD, ttep seneng ostara👌👌👌",No Aspect,None
RVW_02756,"Mantulll lah Pokonya, tidak di ragukan lagi... Nyampe nya juga lebih cepat dr estimasi 👍🏻👍🏻🫰🏻",No Aspect,None
RVW_02764,Kali ke dua beli saff n co Kali ini pengiriman lama Dan gadapet free sample seperti pertama kali,No Aspect,None
RVW_02769,"MAU AKU JUALL 150k GUYS, BARU 2x SEMPROT (nyoba wanginya) LANGSUNG AK MASUKIN TENPATNYA LAGI... SOALNYA SALAH BELI BUKAN INI YG DI MAKSUD, KALAU ADA YG MAU BISA LANGSUNG DM TIKTOK AKU YAA @cillifel0ved (dikirim dari cibinong)",No Aspect,None
RVW_02772,terllu sedikit,No Aspect,None
RVW_02774,"Yeah paket sudah tiba, baru kali ini order ostata by saff , semoga suka dengan wanginya...",No Aspect,None
RVW_02780,Love ittt.,No Aspect,None
RVW_02783,Okey good,No Aspect,None
RVW_02788,Barang sesuai pesanan. !!!,No Aspect,None
RVW_02820,Produk sesuai sangat puas terima kasih,No Aspect,None
RVW_02828,baik,No Aspect,None
RVW_02846,Kualitas produk: Baik. Pengiriman sesuai estimasi waktu.,No Aspect,None
RVW_02851,"Paket sampai dengen selamat, kualitas sangat bagus",No Aspect,None
RVW_02858,AKKKK SUKA BANGET,No Aspect,None
RVW_02891,Kualitas produk: saff n co gak perlu diragukan ya kualitasnya🏆,No Aspect,None
RVW_02892,Kualitas produk: Paling favorite sampai saat ini🕺🏻,No Aspect,None
RVW_02893,makasih banyak y kak sudah dikirimkan sukses selalu usahanya,No Aspect,None
RVW_02897,"puas banget 👌 seller ramah, proses cepat, packing aman, pengiriman cepat, barang sesuai 👍🏾👍🏾",No Aspect,None
RVW_02899,Suka bnget sama ini parfum pertama kali kalo gasalah 2 tahun lalu apa setahun lalu order langsung jatuh cinta,No Aspect,None
RVW_02900,"Kualitas produk: sangat bagus, pengiriman cepat barang aman",No Aspect,None
RVW_02901,"Product quality: Barangnya udah sampai dgn aman, ga ada yang rusak sama sekali. Ga sabarrrr mau nyobain. Terima kasihhhh 😍🫰🏻",No Aspect,None
RVW_02911,Kualitas produk: extrait de parfum ostara favorit,No Aspect,None
RVW_02913,wokeee sangatttt laaaa Kualitas produk: very good,No Aspect,None
RVW_02915,"Barang bagus sesuai deskripsi, pengiriman dan pengemasan baik.",No Aspect,None
RVW_02918,"Ostara botol kedua, yg lain first time smga wanginya berkesan🥰",No Aspect,None
RVW_02920,"Barang sudah sampaiii, nggak q bukak karena untuk hadiah teman, memuaskan sesuai pesanan🫶🫶🫶",No Aspect,None
RVW_02934,"Pesanan dipacking dengan rapih, pengiriman barang juga cepat dan Produk sesuai dengan display. Terima kasih 🙏🏼",No Aspect,None
RVW_02941,"awal dari coba decant, tertarik, pas ada flash sale co deh. bonus decant rilisan terbaru morfosia mantabb🤩",No Aspect,None
RVW_02949,"Terbaik, mana dpt bonus Loui lg luvvv bgt❤️",No Aspect,None
RVW_02953,udah nyampe hihi happy bangeeet!! 🥰,No Aspect,None
RVW_02955,Product quality: Packet diterima dengan selamat. Lagi proses maserasi parfumnya,No Aspect,None
RVW_02957,"di keterangan nya ditulis free gift tester pas dibuka ga ada gift nya pas diperiksa dus nya ternyata bolong skedar saran next time taruh gift nya jangan asal masuk dus packing nya saja ya min,demi meminimalisir hal2 yang tidak di inginkan",No Aspect,None
RVW_02975,Mantap surantap....team setia saff n co,No Aspect,None
RVW_02979,"Pembelian kesekian kalinya kl bisa ada uk yg lebih besar lg ini nanggung bgt 35 ml, tp selalu puas belanja disini proses cepat dr pemesanan sampai pengiriman sukses trs untuk saff & co",No Aspect,None
RVW_02991,"Kualitas produk: Meski sempat terkendala pengiriman, tapi samapai dengan selamat",No Aspect,None
RVW_03001,Kualitas produk: Bagus. recome. Pembelian kedua dapat buy 1 get 1,No Aspect,None
RVW_03004,gak di ragukan lagi memang saff 'n co salah satu parfume terbaik untuk lokalan terima kasih min,No Aspect,None
RVW_03009,Produk dalam kondisi baik dan tersegel ... Pengiriman cepat dan tepat ... Btw ini udh botol ke 4 aku 🫰🏻,No Aspect,None
RVW_03015,Ini yg aku cari selama🔥🔥ini cocok di aku Makasihhh💯,No Aspect,None
RVW_03017,Product quality: Gokil! Memang nggak pernah salah! Irai leima!best!,No Aspect,None
RVW_03018,⭐️⭐️⭐️⭐️⭐️🙌🏻🙌🏻🙌🏻🙌🏻🙌🏻🙏🏻🙏🏻🙏🏻🙏🏻🙏🏻,No Aspect,None
RVW_03019,Alhamdulillah paketnya sudah sampai dan cepet banget sampainya. Pesen hari Sabtu dan sampainya Minggu. Terima kasih ka sukses selalu ya Aamiin,No Aspect,None
RVW_03032,bagussss sekaliiiiiii coyyyyyy mantapppp,No Aspect,None
RVW_03061,"Udah sampe, next mau nyoba varian lain",No Aspect,None
RVW_03086,"Kualitas produk: Amazing bangett, bagus dan keren. Buat tambah semangat minum",No Aspect,None
RVW_03113,"Dari saking cintanya sm produk ini, sekali beli lgsg 3, tinggal kirithra yg belum dateng. menyala parfum setengah jutaku 🤣😭",No Aspect,None
RVW_03152,"Terima kasih Saff n Co,, udh langganan lama produk tdk pernah mengecewakan tinggal sesuaikan ja sm selera masing2.",No Aspect,None
RVW_03168,"Barang bagus sesuai deskripsi, pengiriman dan pengemasan baik.",No Aspect,None
RVW_03170,Alhamdulillah paket keterima dengan baik realpict makasih seller sukses selalu,No Aspect,None
RVW_03174,"Cepetttt bangettt sampainyaa, baru CO kemarin sore, siang ini udah sampai. Deliverynya aman banget",No Aspect,None
RVW_03183,"Diterima dalam kondisi bagus, sesuai dan so far okehh",No Aspect,None
RVW_03211,mantapp udh sekian kali order parfume brand ini gk pernang mengecewakan gokill,No Aspect,None
RVW_03213,"Produk sangat bagus, handling dan pengiriman bagus",No Aspect,None
RVW_03220,"Dapatkan 150 coin gopay ,dapatkan 150 coin gopay ,dapatkan 150coin gopay",No Aspect,None
RVW_03244,"rekomendasi temen untuk kado, smoga suka. klo dia suka ntr sy beli lg utk pake sendiri.",No Aspect,None
RVW_03247,"selalu suka dengan produk yg satu ini...saff&co dan toped, makasih ya!",No Aspect,None
RVW_03248,kualitas original pastinya. Dapat tambahan sample juga terima kasih,No Aspect,None
RVW_03251,barang sesuai dan terimakasih banyak gift nya 🫠,No Aspect,None
RVW_03254,"Barang sampe aman gada damage, so far pengirimannya cepet ya",No Aspect,None
RVW_03256,"cepat sampai,packing aman,barang original",No Aspect,None
RVW_03275,"Hadiah untuk ibu saya. Barangnya sudah sampai, semoga awet. Terima kasih",No Aspect,None
RVW_03299,"kardus segede gaban beli 2 dapet vial, pas bgt diskon dikasih kode jg buat saffmates🥹🫶",No Aspect,None
RVW_03301,"Sayang testernya bocor dan habis, jadi gabisa nyobain pake deh hehe",No Aspect,None
RVW_03305,"dikasih tester, makasih 🙏🏻",No Aspect,None
RVW_03315,sekarang udh gak ada tester wangi lain 😂,No Aspect,None
RVW_03325,"untuk kualitas parfume oke, tetapi permasalahannya hanya ada di pengiriman berikut rinciannya: 1. di deskripsi tertera ""pemesanan sebelum jam 3 dikirim di hari yang sama"" 2. saya checkout di tgl 28 November 2022, pukul 12:06 WIB. 3. paket baru diproses di jam 15:01. lalu di jam 18:48, paket mengalami gagal pickup. dan akhirnya baru di proses di tanggal 29 November 2022. sekedar masukan saja, untuk kedepannya agar konsisten sesuai dengan deskripsi yang dibuat. maju terus parfume lokal👍🏼",No Aspect,None
RVW_03327,"Suka skli sm si omnia by saff n co, sdh berkali2 order saking sukanya sm parfum ini.",No Aspect,None
RVW_03329,10000/10❤️❤️,No Aspect,None
RVW_03361,"Paket nya sudah sampai dengan selamat, tanpa ada yg cacat sedikitpun. Thank you yaa kaa",No Aspect,None
RVW_03366,"Kualitas produk: Best, biasanya beli d store tpi ksong jdi co dsni 🥰",No Aspect,None
RVW_03377,Suka banget ...udah order kesekian kalinya.. The best dah pokok.. saff n co,No Aspect,None
RVW_03380,"walaupun proses lama, tapi pengiriman cepat. thanks.",No Aspect,None
RVW_03385,"barang mendarat dengan selamat, terima kasih kepada kakak penjual, sukses selalu, aamiin",No Aspect,None
RVW_03387,udah order keberapa kali emang nagih parfum saff n co itu,No Aspect,None
RVW_03395,"Produk sesuai pesanan, packing rapi, pengiriman cepat. Terima kasih.",No Aspect,None
RVW_03397,pertama kali coba beli saff... akankah jd brand kesayangan let's see hehehe,No Aspect,None
RVW_03404,"pengiriman lama, barang sempat ke Malang dan ke Madiun.",No Aspect,None
RVW_03406,nsnsbwkwksbsjanwkqkakskjakqjanakajqjanznzjskajqiqjwnaiznzksiqjsjsjs,No Aspect,None
RVW_03409,"barang sesuai dengan pesanan, pengiriman cepat, packing rapih",No Aspect,None
RVW_03414,Happy nya bisa kebagian b1g1 jugaaaa.. beli omnia free troupe,No Aspect,None
RVW_03417,"Alhamdulillah sampai dengan selamat, InshaAllah bermanfaat. pelapak oke banget recommended seller fast respond barangnya oke",No Aspect,None
RVW_03435,Mantap kali ini dapet bonus yang varian xocolatl juga thanks!!!,No Aspect,None
RVW_03459,"goooooooooooooooooooooood,sesuai pesanan dan dpt bonus",No Aspect,None
RVW_03460,"respon cepet, barang dtg sesuai pesanan.. dapet bonus vial juga . makasih",No Aspect,None
RVW_03474,Asyiiik dapat gratisan Yupiiiii and S.O.T.B thanks ya.,No Aspect,None
RVW_03487,"Proses cepat, shipping cepat, packing aman 👍🏻👍🏻👍🏻",No Aspect,None
RVW_03498,"Barang sesuai deskripsi, qualitas oke, dan pengiriman cepat. Terima kasih",No Aspect,None
RVW_03503,"repeat order, uda beli yang ke 3 kalinya ☺️ dan selalu dpt sample wangi yang lain. Order hari Sabtu, hari Senin sdh sampai.",No Aspect,None
RVW_03507,"Awalnya beli mini size, cocok, trus pas diskon beli yg full size!",No Aspect,None
RVW_03513,mendarat dengan selamat pengiriman cepet banget cuman sehari nyampe pake bebas ongkir sip👍👍👍,No Aspect,None
RVW_03514,Fast Respon... Pengirimannya cepat namun... Recomended Seller.. Belum dicoba semoga memuaskan,No Aspect,None
RVW_03519,Pengiriman cepat dan barang sesuai dengan yang ditawarkan.,No Aspect,None
RVW_03535,parfum SDH tiba toko online terpercaya terbaik,No Aspect,None
RVW_03550,"pesan kemarin hari ini sampai, cepet banget, gak bs di cobain karena buat kado tp semoga enak wangi nya",No Aspect,None
RVW_03551,"kalo soal wangi ketahanan cocok atau engga kan kembali ke individunya aja. aku mau bahas pelayanan nya sih.. kalo setiap kita beli produknya kan suka dikasih tester ya yg notabebenya gratis, nah kemarin aku dapet tester coco tapi ternyata bocor/tempatnya pecah gt. laporan lah ke admin tokpednya, kata adminnya sekalipun tester mereka tanggung jawab asalkan ada video unboxing. dan dialihkan buat prnyelesaiannya via WA nya. jdnya next order aku bisa dapet tester 2 kata admin di wa. adminnya sat set sat set bgt sih luvvv. ditunggu varian barunya lagi 😻",No Aspect,None
RVW_03558,"Barang udah sampai, sesuai pesanann. Pengiriman baik, makasi bnyak seller! 🙏🏻",No Aspect,None
RVW_03575,"Luvvvv banget. Beli loui dapet free troupe yg full size. No tipu2 ternyata. Untung langsung CO, jarang2 nih kesempatan gini. Thanks saff n co",No Aspect,None
RVW_03576,"Selalu dan ga pernah kelewat kalau mau dateng ke event penting harus banget pakai Loui, bikin lebih percaya diri",No Aspect,None
RVW_03581,I LOVEEEEE SOOOO MUCHHHH LOUI🫶🏼🫶🏼🫶🏼🫶🏼 bonus foto ku yg cyentil😗😗,No Aspect,None
RVW_03582,kerenn🫵🫵🫵,No Aspect,None
RVW_03583,"Cepet banget sampenya Sumpahh, kecintaan bgt sama loui ini Terima kasih banyak🫶🏻",No Aspect,None
RVW_03592,Pelayanan yg gercep Asli keren Pengemasan bagus dan brang pun nyampe dgn aman Dapet bonus sample mini bottle dr varian yg brbeda Makasih yaaa,No Aspect,None
RVW_03602,Secinta itu am produk saff n co Sukaaak bgt semua,No Aspect,None
RVW_03647,"good, sukaa. agak lama pengiriman nya padahal buat kado jadi kelewat dikit, but its okay. waw dapat tester Maleali juga, kereeen. thank youuu saff & co.",No Aspect,None
RVW_03653,"Bagus, Cocok utk blind buy, pengiriman cepat",No Aspect,None
RVW_03677,"barang sesuai pesanan, dapat bonus lagi",No Aspect,None
RVW_03698,dapat free minouet jd ngincer ih 😳,No Aspect,None
RVW_03715,Terimakasih tokped dan mandiri❤️,No Aspect,None
RVW_03733,"Kualitas produk: sangat bagus seperti yang tertulis di deskripsi, bagus banget dan cocok",No Aspect,None
RVW_03748,pembelian ke sekian dan masi variant yg sama yaitu Loui🥰,No Aspect,None
RVW_03752,Gabisaa berpaling dari parfum inii pokoknyaa luvv!!!,No Aspect,None
RVW_03753,Belom berpindah kelain hati Loui masih di hati😄,No Aspect,None
RVW_03768,Sesuai deskripsi.. hanya saja katanya bakal dapat gratisan tapi sayangnya ga dikirimin,No Aspect,None
RVW_03770,Parfum kebanganggananndhfkfkbdjdnbdkdndhdndgndkdndbdudbf fjflndf,No Aspect,None
RVW_03773,Kualitas produk: Terbaik saff & co ga pernah mengecewakan,No Aspect,None
RVW_03778,"Sudah sampai nihh yg ditunggu2, favorit bnget parfume saf n co🥰🥰",No Aspect,None
RVW_03787,"barang mendarat dengan selamat, terima kasih kepada kakak penjual, sukses selalu, aamiin",No Aspect,None
RVW_03789,parfum lokal terbaiiikkkk.. udah berapa kali beli saff n co. tapi favoritku SOTB dan LOUI 🥰,No Aspect,None
RVW_03793,"Terimakasih sudah diterima dengan baik. Terimakasih juga tester parfume ny. First time nyobak yg varian ini, semoga cocok ya ☺️ Pengiriman lumayan cepat. Kaget banget kardusnya gede banget 😂",No Aspect,None
RVW_03815,"Pengiriman cepat meskipun po, pengemasan sangat aman, seneng banget kebagian parfum ini di war, baru coba royal ispahan semoga cocok..",No Aspect,None
RVW_03818,"Kualitas produk: Aaa suka🥰, dpt bonus decant silent whisper lagi racun gk tu jd pengen beli juga",No Aspect,None
RVW_03821,setelah menunggu ber hari hari akhirnya sudah sampai juga mykonos royal ispahan yang 100ML nya. Thanks mykonos sukses selalu 🙏,No Aspect,None
RVW_03824,Alhamdulillah sampe dengan selamat Vial musk aura,No Aspect,None
RVW_03831,Akhir nya datang juga kesayangan aku … 💋,No Aspect,None
RVW_03832,Geloooo dapat 100 ml cuyyyy,No Aspect,None
RVW_03850,Cihuyyyyy🌺🌺🌺,No Aspect,None
RVW_03860,Alhamdulillah akhirnya paket datang realpict makasih seller sukses berkah usahanya dan bang kurir sukses dan sehat,No Aspect,None
RVW_03863,"sedih sii ga dapet war yg 100ml, tapii gapapaa untungnya dapett yg 50ml tetep happyyyyyy 🩷🩷",No Aspect,None
RVW_03888,"Kualitas produk: Baik Paket sudah diterima dengan baik, untuk anak gadis tercinta, terimakasih bonus vialnya, sukses selalu untuk Mykonos. Ditunggu versi 50ml-nya. Salam Ibu Pertiwi 👍👍🇮🇩🇮🇩",No Aspect,None
RVW_03901,"ga expect sih bakalan menang war😭 im sooo happyyy ini yg ak carii carii selamaa ini🥹 pengirimann cepett bangettt woowww, next mau cobain varian lain😚",No Aspect,None
RVW_03903,Terimakasih kasih walau harus nunggu 1 bulan Kualitas produk: Bagus exp 06 2029,No Aspect,None
RVW_03909,"Kualitas produk: Baik Paket sudah diterima, terimakasih. Komplit pokoknya, 15ml, 50ml dan 100ml. Sukses selalu untuk Mykonos. 👍👍",No Aspect,None
RVW_03913,"Kualitas produk: bagus ngga pernah secinta ini sama parfum selain royal ispahannya mykonos tolong banyakin stocknya min, biar tidak harus war belinya",No Aspect,None
RVW_03922,Happy banget dapet royal ispahan. Padahal udah setengah tapi baru review.,No Aspect,None
RVW_03940,"Kualitas produk: Sangatttt bagusss,dapat gratisan sempel lagi next order lagiii",No Aspect,None
RVW_03942,Akhirnya parfum ghoib nan langka hasil ngewar di tangan 😂... Makasih testernya marocon vanilla Po 30 hari tapi hari ke 2 udah terkirim koq... Thank you seller dan mas kurirnya gercep,No Aspect,None
RVW_03945,Kualitas produk: Sangat baik The best pokonya mah kalo buat perempuan,No Aspect,None
RVW_03946,"sukaaaa, udah punya stock 2 botol yang 100ml karna sesuka itu",No Aspect,None
RVW_03948,Akhirnya yang ditunggu” dateng juga .. I love it 🫶🏻,No Aspect,None
RVW_03954,Finally got royal ispahan yg 50 ml. Udah nunggu lama bgt,No Aspect,None
RVW_03957,akhirnya setelah beberapa kali ikut war yang travel size dapet juga yang 100ml,No Aspect,None
RVW_03958,mantapppppppppppppppppp tapi kenapa dpt bonusnya yg sudah ku punya min😣😣😣,No Aspect,None
RVW_03959,"Mykonos terbaik pokoknya, tidak ada yang mengecewakan pokoknya*",No Aspect,None
RVW_03960,pengiriman agak lambat dibanding war sebelumnya tapi its okey si,No Aspect,None
RVW_03963,Mantap banget davina karambol ❤,No Aspect,None
RVW_03965,otw jd davinaaaaa karamoy kalo abs pake ini😜🤙🏻🤙🏻🤙🏻🤙🏻,No Aspect,None
RVW_03966,akhir nyaaa dapett yg 50 ML💗💗💗💗💗💗💗💗💗,No Aspect,None
RVW_03968,bagussstewasfgvee gfffwwv Kualitas produk: bagus e2asdefhytr,No Aspect,None
RVW_03969,Akhirnya dapat juga setelah war wer wor Kenapa sih jadi susah gini 😭,No Aspect,None
RVW_03971,veryy good👍,No Aspect,None
RVW_03972,🥰🥰🥰🥰🥰🥰🥰🥰🥰🥰🥰🥰🥰🥰🥰,No Aspect,None
RVW_03974,"Kualitas produk: 100% ori, love banget pokoknya",No Aspect,None
RVW_03976,Kualitas produk: Mantapp keringat Davina karamoy,No Aspect,None
RVW_03977,Cepet bnget nyampenya🥰😍,No Aspect,None
RVW_03980,Kualitas produk: Sangat Baik,No Aspect,None
RVW_03983,I love this parfume😆💖,No Aspect,None
RVW_03984,Kualitas produk: Mantappppp,No Aspect,None
RVW_03986,mantafff parfum andalan nya Davina karamoy,No Aspect,None
RVW_03989,yaampun favorite bgt🩷 hasil dari war,No Aspect,None
RVW_03994,My favorit parfum 🍒,No Aspect,None
RVW_04001,the real PO ini lama bgtt baru dikirim,No Aspect,None
RVW_04004,Barang sampai dengan aman di Jayapura,No Aspect,None
RVW_04005,Haruss effort bngt dapetinyaa😭😭,No Aspect,None
RVW_04007,Kualitas produk: Suka sama produknya,No Aspect,None
RVW_04008,Akhirnya dapat royal ispahan 100ml.,No Aspect,None
RVW_04009,gacor akahshsbsbshshavaavsvsbsbshshs,No Aspect,None
RVW_04010,Mntappppp produk dateng lebih cepat,No Aspect,None
RVW_04011,Akhirnya dapat juga Cair cuan…..,No Aspect,None
RVW_04013,"Good, sudah sampai dengan selamat.",No Aspect,None
RVW_04014,ROHISSSSSSSSS Kualitas produk: TOP,No Aspect,None
RVW_04017,mantapmantapmantapmantapmantapman,No Aspect,None
RVW_04019,Selamat sampai tujuan. Thank you,No Aspect,None
RVW_04020,Parfumnya mba Davina udah nyampe,No Aspect,None
RVW_04021,"produk ori,sangat direkomendasi",No Aspect,None
RVW_04023,MANTAPPPPPP BANGETTTTTTTTTTTTTT,No Aspect,None
RVW_04027,nice.........................,No Aspect,None
RVW_04028,Mantap vial incep yg ke 3😁,No Aspect,None
RVW_04029,Dan akhir nya dateng juga....,No Aspect,None
RVW_04030,nice.........................,No Aspect,None
RVW_04034,banyak bonusnya Makasih kak,No Aspect,None
RVW_04035,Mantaapp free decant invade,No Aspect,None
RVW_04036,beli ispahan 20 pcs amann,No Aspect,None
RVW_04037,Kualitas produk: Mantappp,No Aspect,None
RVW_04039,Kualitas produk: 👍☕,No Aspect,None
RVW_04040,Kualitas produk: 👍☕,No Aspect,None
RVW_04043,Kualitas produk: Mantap,No Aspect,None
RVW_04044,Kualitas produk: Mantap,No Aspect,None
RVW_04046,Pengiriman Nya cepat dan barangnya bagus👍🏻,No Aspect,None
RVW_04063,suka banget...mereka memperlakukan produk ini istimewa.. pasti order lg walaupun hrs pre order lumayan lama,No Aspect,None
RVW_04066,"Alhamdulillah produk sesusai diskripsi, original, dan pengiriman cepat",No Aspect,None
RVW_04069,barang diterima dalam keadaan baik. Thanks seller,No Aspect,None
RVW_04070,Alhamdulillah pesanan dh sampe tokony amanah bgt,No Aspect,None
RVW_04072,Sangat baik & bagus,No Aspect,None
RVW_04079,Kualitas produk: Bagus bagus bagus,No Aspect,None
RVW_04080,Bafusssssssssssssssssssssssssssss,No Aspect,None
RVW_04082,Sudah diterima sesuai pesanan,No Aspect,None
RVW_04117,Alhamdulillah paket SDH merapat dengan sangaaaaat aman dan sesuai pesanan dapat gift vial jg terima kasih Mykonos,No Aspect,None
RVW_04119,Beh mantap ternyata tidak harus nunggu 14hari kerja. Ini udah langsung sampe keren keren,No Aspect,None
RVW_04120,Terimakasih paket sudah sampai cukup cepat untuk pre-order. Dan dapat bonus juga terimakasih banyaaaak.,No Aspect,None
RVW_04133,Mendarat dengan aman semoga cocok sma wanginya,No Aspect,None
RVW_04134,Kualitas produk: Selalu okee parfum² mykonos,No Aspect,None
RVW_04159,"Kualitas produk: Bagus, cakep banget, biar lama juga nunggu antriannya tp dah terobati terimakasih buat semuanya🙏",No Aspect,None
RVW_04173,"Barang sampai dengan selamat Walaupun PO lama Dapat sample, terimakasih",No Aspect,None
RVW_04175,Barang sudah mendarat dengan selamat tanpa cacat. Pengiriman cepat. Dapet gratisan sorento juga. Terimakasih.,No Aspect,None
RVW_04203,Baguuussssssss,No Aspect,None
RVW_04212,Paket saya sdh dteng dengan aman dan baik. Terima kasih seller dan abang kurir tiktok🙏🙏,No Aspect,None
RVW_04215,"paket sudah sampai belum dicoba, dapet testernya cuma 1.",No Aspect,None
RVW_04217,"niceee bgttt kaaa wlpun blind buy alhamdulillah ga kecewa, thanks minn💗",No Aspect,None
RVW_04218,Alhamdulillah barang sudah sampai Siap untuk hantaran lamaran Terima kasih,No Aspect,None
RVW_04219,Alhamdulillah paket sdh sampai Alhamdulillah amanah sesuai dengan pesanan terimakasih 👃,No Aspect,None
RVW_04220,"Akhirnya yang ditunggu-tunggu Dateng juga,, next time pengen nyobain yg ispahan, dapet free sansa",No Aspect,None
RVW_04222,"Maksih bara ga udah diterima dengan baik, thanks seller",No Aspect,None
RVW_04235,Alhamdulillah Masyaallah udah sampe ....,No Aspect,None
RVW_04273,good,No Aspect,None
RVW_04287,"Alhamdulillah pengiriman cepat dan produk mendarat dengan selamat, dikasih bonus pula tester varian lain yg 3,5 ml. Terima kasih... 👍🏻",No Aspect,None
RVW_04296,Cuma 4 hari sampai. Packing super aman. Selalu dapat vial full isinya. Coba variant lagi ga susah ya dapetnya kaya gini hiksss..,No Aspect,None
RVW_04369,Sangatt woww sekali,No Aspect,None
RVW_04397,"Kualitas produk: Terbaik Mantap, sukses selalu, produk lokal go international",No Aspect,None
RVW_04399,"Kualitas produk: Sngat memuaskan , tapi minusnya PO kelamaan 😂",No Aspect,None
RVW_04404,Dapat juga akhirnya barang goib nya 😂😂😂,No Aspect,None
RVW_04428,variant mykonos terbaik sejauh ini! btw ditunggu new release dupe god of fire nya 🥭👀,No Aspect,None
RVW_04440,"Akhirnya mendarat sempurna si monro,beliin buat suami karena pakai akun dia gk dpt"" ❤️",No Aspect,None
RVW_04441,Secinta itu sama monro dari yang 50ml baru bisa menang war lagi yang 100ml,No Aspect,None
RVW_04444,"Barang sampai dgn selamatt... Wiiihh di kasih decant california signature 😍😍😍 akhir ny mykonos ngasih decant ny gk itu"" Aja 😁 sayeee suka suka sukaaa.. 👍👍👍",No Aspect,None
RVW_04451,Mantap bgt gak sia sia war min,No Aspect,None
RVW_04454,"mantep combk siang malem,plus lengkap sudah mykonos yg ghaib",No Aspect,None
RVW_04455,"Mantap, setelah sekian purnama, Alhamdulillah dapat juga. Salam Ibu Pertiwi.. 🤘🤘🇮🇩🇮🇩 Kualitas produk: Baik",No Aspect,None
RVW_04459,Blind buy berhasil lagii yang ke sekian kalinya 😹,No Aspect,None
RVW_04461,"Gausah bekata kaya lagi dah, the best pokoknya🥳😍",No Aspect,None
RVW_04464,War 12.12.. Tanggal 15 sudah sampai 😍😍,No Aspect,None
RVW_04465,Mantaap best of the best🥰,No Aspect,None
RVW_04466,"mantap, walaupun harus nunggu PO lumayan lama",No Aspect,None
RVW_04467,"pengiriman baik, finally monaco royale 100 ml",No Aspect,None
RVW_04473,All good,No Aspect,None
RVW_04477,Kualitas produk: Mantalp,No Aspect,None
RVW_04487,"Kualitas produk: Cair Kondisi barang aman tdk ada kendala sedikitpun, barang ORI sesuai pesanan, gk sia-sia war 12.12 dpt monro😍👍🏻",No Aspect,None
RVW_04502,"Kualitas produk: The best pokok nya monro,akhirnya yang ku inginkan dari lama sampai juga Alhamdulillah",No Aspect,None
RVW_04505,barangnya sudah sampai dengan aman,No Aspect,None
RVW_04517,Best banget nih parfum nya.. Gk nyesel beli sampe deg2an tkt gk kebagian....,No Aspect,None
RVW_04519,"monro yg kedua, walaupun botol pertama masih banyak. secinta ini sama monro,😻😻🔥",No Aspect,None
RVW_04522,"Pengiriman cepat walau katanya dateng tanggal 12jan-17jan, tapi dateng tanggal 14des, barang aman",No Aspect,None
RVW_04524,Kualitas produk: barang nyampe dengan baik tidak ada yg minus,No Aspect,None
RVW_04533,"Emang udh inceran dr lama, belinya selalu decant di olshop lainnya. Akhirnya menang war rasanyaaa ahhh seneng polll, being a classy with monro❤️",No Aspect,None
RVW_04548,juaraaaaa🔥🔥🔥😍😍 ga ada tandingannn. alhamdulillaah bisa menang warr. thnks mykonos 🥰,No Aspect,None
RVW_04550,"Kualitas produk: Bagus aman kek muka bahlil, pria solo, dan mas sawit",No Aspect,None
RVW_04553,"udh sering war jdi enak bnget, dan masih ada 3 yg belum dibuka😋😋",No Aspect,None
RVW_04554,Kualitas produk: gacorr gaada kerusakaan aman sampe tujuan kangg josjissss wenakk pol masse,No Aspect,None
RVW_04555,Kualitas produk: Gak kaleng - kaleng kualitasnya....👍🏻👍🏻👍🏻,No Aspect,None
RVW_04556,Kualitas produk: Emang paling best lahh monaco royale,No Aspect,None
RVW_04557,FINALLY AKHIRNYA DATANG JUGA PARFUM TERFAV KU ❤️,No Aspect,None
RVW_04561,"Barang sesuai pesanan, kualitas baik salah satu rekomendasi bgt sihh sukses terus adminnn💯🔥🔥 Kualitas produk: Baik",No Aspect,None
RVW_04562,"PO cepat produk aman, tapi menang warnya susah🤣🤣. thanks min free decant 3,5 ml lagi",No Aspect,None
RVW_04566,"Kualitas produk: Sangat baguss, udah 2 kali dapet monroo, mantap",No Aspect,None
RVW_04570,Kualitas produk: sangat baik prodak sangat bagus dan berkualitas mewah,No Aspect,None
RVW_04574,jjhjjjhjhhhjjjjjjjjjjjjjjjjjjjjjjjjjjjjjjjjjjjjjjjjjjjjj,No Aspect,None
RVW_04575,Fjfififufififififididudifidudididifidkueyeiyskydyksiyxludkyutautditdiydiitditstisitdkyditsydiydkydyidkydkudkuxkyxkyxku,No Aspect,None
RVW_04576,"Sudah sampai dengan aman, dapat vial done to eart . Blm saya coba masih resting dulu biar dar der dor",No Aspect,None
RVW_04577,"Sampai selamat, tidak ada lecet/rusak pun. Akhir.a dpt parfum ghaib satu ini",No Aspect,None
RVW_04578,"Pengen kapok karena aku bukan kaum sabar menanti 🤣 tapi Mykonos nagih banget, sekian lama menunggu dia dateng juga sampe lupa kalau punya pesenan ini parfum 😌 Napa sih harus PO segala 😌",No Aspect,None
RVW_04586,"monaco royal ku yg ke 4, harus punya 10 buat stok taun depan",No Aspect,None
RVW_04587,"Kualitas produk: Sesuai harapan. Bagus, mantap, wadidaw",No Aspect,None
RVW_04590,"pengiriman nya lumayan cepat, barangnya bagus dan aman",No Aspect,None
RVW_04591,Kualitas produk: barang bagus dan sampai dgn selamat 🫶🏻,No Aspect,None
RVW_04595,Sedih gratisan decant nya tumpah😢 dapet nya invade soalnya,No Aspect,None
RVW_04596,"Yang di tunggu akhirnya sampe juga, di kasih sampel jugaa.",No Aspect,None
RVW_04600,Barang mantap..restocknya agak lamain yaa min hehe,No Aspect,None
RVW_04604,"Gak salah pilih pokoknya, top banget ini parfum 🔥🔥🔥🔥",No Aspect,None
RVW_04607,Kualitas produk: Mantap Ga usah di ragukan ya guys,No Aspect,None
RVW_04613,"sangat baik, minesnya efek kurir harus di resting dlu",No Aspect,None
RVW_04614,Alhamdulillah udah sampe gak ada cacat sedikit pun. Pokoknya mantap mykonos*,No Aspect,None
RVW_04617,"Akhirnya mendarat juga, sukses selalu Mykonos.. 🔥🔥🔥",No Aspect,None
RVW_04618,"Monro ke dua di bulan ini, barang nya lagi di maserasi biar makin gacooorrr",No Aspect,None
RVW_04619,Alhamdulillah akhirnya paket datang juga makasih seller dan bang kurir sukses dan sehat selalu,No Aspect,None
RVW_04620,"Gak sia sia ngewar pantengin hp , akhirnya dapat juga , dapat tester juga",No Aspect,None
RVW_04621,Pesanan ke dua udah datang yang ke dua beda harga 40k,No Aspect,None
RVW_04622,My King is Here Brokkk🤤🤤 Product quality: Mantap Jiwa,No Aspect,None
RVW_04623,Bagus banget Kualitas produk: Beh mantap geloo pecahh parahhh bagus cuk !!!!!!,No Aspect,None
RVW_04624,"Akhirnya dapat juga ni monro, lope lope dah buat admin nya 🫶🏻🫶🏻",No Aspect,None
RVW_04625,"Nice lah seperti biasa, dikasih decant calif og",No Aspect,None
RVW_04627,"GTL ekspedisi baru kah? Gokil bet 2hari nyampe loh wkwk 😂 sekian purnama akhirnya menang war huhuu, silahkan yg kabagian boleh DM hehe 😇",No Aspect,None
RVW_04628,akhirnya setelah sekian lama dapet juga 😭😭😭,No Aspect,None
RVW_04629,AKHIRNYAAAAAA SETELAH SEKIAN LAMA NGEWAR DAPET JUGA INI BARANG🫶🫶🫶🫶,No Aspect,None
RVW_04630,Kualitas produk: All good and very good and very good,No Aspect,None
RVW_04631,Kaaa plizz aku beli monro 100ml masa gadapet dicent gimana si min sedihhhh hiks☹️☹️☹️☹️☹️☹️☹️☹️🥲🥲🥲,No Aspect,None
RVW_04632,Uhuyy akhirnya datang juga Monaco royal batch 2,No Aspect,None
RVW_04635,mamah papah larang malah pulang malam pergi ke club malam,No Aspect,None
RVW_04636,Kualitas produk: KING MONROOOOOOOOOOOOOOOOOOOOOOO,No Aspect,None
RVW_04638,Kualitas produk: pengiriman sangat cepat mantapp,No Aspect,None
RVW_04641,alhamdulillah udah sampee yg ditunggu tunggu🔥,No Aspect,None
RVW_04642,"Finally, hasil hit n run 😍 suka bangetttttttt",No Aspect,None
RVW_04643,MONACO forever forever MONACO ☝🏼🥵☝🏼,No Aspect,None
RVW_04644,Gacorrr lahh yaa. Kingggggg Monaco royal🔥🔥,No Aspect,None
RVW_04645,Kualitas produk: Bagus Untung menang war hehehe,No Aspect,None
RVW_04649,Paket mendatangkan degan aman,No Aspect,None
RVW_04650,Finally suka bener top 1 Mykonos dah ini🔥,No Aspect,None
RVW_04651,Kualitas produk: Bagus The best pokok nya dahh,No Aspect,None
RVW_04652,Akhirnya dapat jugaaa . Mantaap poll monrooo .,No Aspect,None
RVW_04654,Kualitas produk: sangat baik,No Aspect,None
RVW_04656,Monro terbaik 🔥🔥🔥,No Aspect,None
RVW_04657,barang bagus banget sesuai ekspektasi goood,No Aspect,None
RVW_04658,"Udah sampai, dapet decant California club😍",No Aspect,None
RVW_04661,akhirnya dapat monro 100ml yang susah dicari,No Aspect,None
RVW_04665,Alhamdulillah sdh mendarat dengan selamat,No Aspect,None
RVW_04667,Kualitas produk: The best,No Aspect,None
RVW_04669,Alhamdulillah sudah sampe dengan selamat,No Aspect,None
RVW_04670,Bagus dan antara👉❗👈 sebabnya kalau,No Aspect,None
RVW_04671,"sabar adalah koechii, this is king monrooo",No Aspect,None
RVW_04674,bagus tapi ga hoki dapat decant nya wkwkw,No Aspect,None
RVW_04675,"mantap udah sampe,tapi belum aku unboxing",No Aspect,None
RVW_04694,Pertama kali tau parfum ini karna banyak yang war dan stocknya gampang sold jadi ga tertarik eh ternyata ponakan ku pengen jadinya ikutan war mana susah banget😭💔 sekarang ketagihan malah udah punya 2 (satunya beli di reseller karna ga dapet pas war di live),No Aspect,None
RVW_04698,Kualitas produk: Barang aman sampe tujuan dan gak nyesel pesen utopia,No Aspect,None
RVW_04699,"Original, lama nunggu resto nya susah Min, semoga utopia akan terus adaaa yaa soalnya aku fans Utopia garis keras😚😁🤭",No Aspect,None
RVW_04711,Parfum andalan terlope lope pkoknya dah❤️,No Aspect,None
RVW_04716,Makasih seller 💯😍👍,No Aspect,None
RVW_04736,Barang diterima dalam keadaan baik dan cukup. Seller amanah dan ramah.,No Aspect,None
RVW_04758,barang aman no lecet di kasih decant down to earth,No Aspect,None
RVW_04759,"Uthopia my pavorite parfum dari mkonos,thankyou😇😇",No Aspect,None
RVW_04762,akhirnyaaaa punya full bottle nya utopiaaa🥰😍😍😍,No Aspect,None
RVW_04763,"akhirnya sampe jugaaa setelah pre order hampir sebulan, akhirnya kesampean punya utopia🥹🥹🥹🫶🏼🫶🏼🫶🏼",No Aspect,None
RVW_04764,Akhirnya yang ditunggu” tiba dengan selamattt🤗🤗🤗,No Aspect,None
RVW_04795,"SUKAAA, awalnya beli yg 15 ml,dan pas abis langsung co yg 100 ml 🤤🤤.tp sedih sii gaada yg 50 ml,kan biar bisa dibawa kemana manaa🫠🫠,dapet tester yg coconut dream nya jugaa,thankss",No Aspect,None
RVW_04833,Kualitas produk: Bagus banget 🥰❤️👍 Parfum yg ukuran 100 ml ku akhir nya dateng juga hahaa🤭👍,No Aspect,None
RVW_04864,"Barang telah sampai dengan selamat termasuk kurir, barang sesuai deskripsi",No Aspect,None
RVW_04865,Pengiriman cukup cepat respon seller bagus Kualitas produk: Baik,No Aspect,None
RVW_04867,"Produk yang dipesan sampai dengan sesuai dan original, sangat bagus",No Aspect,None
RVW_04868,Mantappppp akhirnya punyaaaaa😍,No Aspect,None
RVW_04872,"Sudah diterima sesuai pesanan, cuma free decant nya itu2 aja di aku jarang banget dpt decant yg varian2 best seller nya",No Aspect,None
RVW_04875,"po nya lumayan lama min tapi gapapa, produk datang dengan kondisi baik, dan kurirnya juga ramah dapet decant 3,5 nya juga sangat baik",No Aspect,None
RVW_04893,bener bener sesuai dengan ekspektasi gausah di raguinn lagi kalau parfum dari mykonos engga ada yang gagal,No Aspect,None
RVW_04899,"Selalu mantau mykonos brharap cepet restock utopia, pas restock aku langsung co akhirnya yg ditunggu2 nyampe jugaa 😭🥰😇 mana dikasih bonus tester inception lagi baik bangett..",No Aspect,None
RVW_04903,Sampe dengan selamat lebih cepat sampai dari perkiraan,No Aspect,None
RVW_04905,"padahal keterangannya 14hari kerja po nya, tp belom jg seminggu dah sampe kerumah🥹🫶🫶 love bgt",No Aspect,None
RVW_04909,"😍😍😍 Dapet bonus juga, walaupun mungil tapi mksh",No Aspect,None
RVW_04910,Produk ori. Harga promo. Pengiriman cepet. Admin gercep. Thx seller..🤗💖 Kualitas produk: Numero uno☝️,No Aspect,None
RVW_04928,👍👍👍👍 Kualitas produk: Mantappp .......,No Aspect,None
RVW_04940,sicantik favorite sudah mendarat dengan aman💚 secinta itu sm utopia btw ini botol ke 4 yuhuuuu,No Aspect,None
RVW_04942,"Pengiriman sampai dengan aman, kualitas barang bagus, Terimakasih",No Aspect,None
RVW_04950,"Kualitas produk: Mantap banget, untung dah kebagian stock baru",No Aspect,None
RVW_04952,Ok bgt pkoknya. Admin mykonos jg tk pernah salah kirim brang seperti yg laen. Ttp repet order disini original dan tdk mengecewakan. 5 bintang.,No Aspect,None
RVW_04954,Terimakasih yg ditunggu datang my favorit utopia,No Aspect,None
RVW_04958,"Sudah diterima sesuai pesanan, tolong ksh free decant nya yg varian2 best seller nya donk minko",No Aspect,None
RVW_04960,Cepet bgt sampenya tau2 ada info paker sudah diterima best lah,No Aspect,None
RVW_04961,"Mantap min baru semalem proses, paginya udah nyampe",No Aspect,None
RVW_04962,Kualitas produk: Udah lama nunggu restock utopia my fav mykonos,No Aspect,None
RVW_04963,Pket sdh smpe dgn aman dan baik🙏terima kasih seller dan abang kurir tiktok🙏,No Aspect,None
RVW_04965,"Po sekian lama Akhirnya datang juga, ,, dpt bonusnya enchanted",No Aspect,None
RVW_04966,"Sekian purnama endingnya dapet juga walau po, Makasih banyak sudah dikirimkan, semoga selalu sukses usahanya",No Aspect,None
RVW_04967,Parfum fav aku bgttt akhirny setelah sekian lama gaib🤍🤍,No Aspect,None
RVW_04973,"Botol ke 4, dan sekarang lagi nunggu yang royal ispahan datang 🫰🏻",No Aspect,None
RVW_04974,BELI BELI BELI BELI BELI BELU BELI SMUA HRUS BELI,No Aspect,None
RVW_04978,finally sampai ditanganku jg si utopia ini🤏❤️,No Aspect,None
RVW_04983,"• Barang sesuai Pesanan 📦 • Barang Real Pic 📸 • Pengiriman Cepat🚀 • Pengemasan Aman🔒 • Sellernya Ramah Dalam Berkomunikasi • Fast Respon💨 • Quality Barang Oke ✅ • Recomended Seller🏅 • Order Now👍 Overall Oke, Goodjob Mykonos👍😇 Kualitas produk: Sangat Baik",No Aspect,None
RVW_04993,"Gemess , d kasih bonus lagi hhi terimaKasih",No Aspect,None
RVW_05004,terbayarkan rasa penasaranku next coba yg royal ispahan 🌸,No Aspect,None
RVW_05005,"Terimakasih barangnya sudah sampai Dikira sampainy bulan september karena PO ternyata PO nya ga sampai september sudah sampai,malah masih bulan agustus Terimakasih seller Cepat banget sampainya Pembelian pertama Semoga nanti bisa beli lagi dgn varian yg sama atau berbeda Makasih yaw",No Aspect,None
RVW_05024,finally setelah sekian lama akhirnya datang juga pink drops by mykonos.jujur melebihi expect saya sebagai customer yang baru pertama kali belanja disini,No Aspect,None
RVW_05034,Kualitas produk: Bagus,No Aspect,None
RVW_05050,"Kualitas produk: Baik Paket sudah diterima, komplit paket dropnya. Bonus viapnya Penthouse. Terimakasih Mykonos.🩷🩷🩷",No Aspect,None
RVW_05051,"Parfume favorit akuuu, and dapet gift sansa. Thank you so much",No Aspect,None
RVW_05066,Kualitas produk: mantap,No Aspect,None
RVW_05113,Kualitas produk: cocok buat cwe dan rekomen banget dan dapet decant juga makasih min,No Aspect,None
RVW_05158,Kualitas produk: Bagusss Dtg dengan selamat 🥳 Tp ko warna agak bening yaa liat smpe pada kyk teh apa karna masih. Baru 🥹,No Aspect,None
RVW_05169,Paketnya udah dateng barang sesuai pesanan makasih kakkk,No Aspect,None
RVW_05171,"good, pesanannya sedikit ada problem but its okaay, thank u kak",No Aspect,None
RVW_05173,bagus bangett💗💗💗dapet decant nya juga makasii,No Aspect,None
RVW_05190,Mantep dah pokoknya mah gitu aja,No Aspect,None
RVW_05198,mantap barang sampe dalam keadaan aman +cepet banget sampe nya,No Aspect,None
RVW_05199,Senang bgt paketnyaa cepet sampe + dikasih decant jugaaaa pokoknya kalo abis bakal beli disini lagiii😭💞💞💞💞,No Aspect,None
RVW_05209,Barang nya bagus cepet sampe dan dapet viral farfum myego nya juga makasih mykonos,No Aspect,None
RVW_05214,"dikira nya PO nya bakal lama, ternyata cuma 2 hari aja, 3 hari udh diterima.🙌🏻😍",No Aspect,None
RVW_05217,walaupun po tapi puas bgt + dapet sample lagi😍❤️,No Aspect,None
RVW_05219,"Kemarin beli cafe drop juga 2pcs tapi gadapt vial sama sekali , pas beli pink drops ini dpt vial 2 . Beberapa kali beli mykonos selalu dpt vial sedangan pas cafe drops ga dpt",No Aspect,None
RVW_05220,Kualitas produk: bagus ih keren bintang lima pokoknya,No Aspect,None
RVW_05224,Kualitas produk: bagus lengkap dan sesuai pesanan,No Aspect,None
RVW_05225,Belum di buka karna buat ponakan tapi saya udah tau wanginya,No Aspect,None
RVW_05227,Belum tau wanginya krna blm di coba 😅 Dpt decant penthouse sma sparkling rose..,No Aspect,None
RVW_05228,thank u dpt free nya parfume royal ispahann yng minii😍,No Aspect,None
RVW_05230,baguss bangettt langganan di aijoo❤️❤️❤️,No Aspect,None
RVW_05232,Thanks minko paket dah tiba dapet free conquer.. Kapan nih conquer reastock?????,No Aspect,None
RVW_05237,Ketuk pada klip untuk menempelnya pada kotak teks.Ketuk pada klip untuk menempelnya pada kotak teks.Ketuk pada klip untuk menempelnya pada kotak teks.,No Aspect,None
RVW_05238,Mantap dpt yang mungil lagi grtis 🥰🥰😘,No Aspect,None
RVW_05242,Barang sesuai dan dapat tester california. Makasih kaa,No Aspect,None
RVW_05255,Very Good & Very Nice.,No Aspect,None
RVW_05257,Mantap pokoknya dapat tambahan decant juga,No Aspect,None
RVW_05292,Siapppp....mendarat dg selamat n makasih decant pink dropnya kk,No Aspect,None
RVW_05300,Kualitas produk: biar bintang yg bicara thaks tester nya 😍,No Aspect,None
RVW_05301,Pokok nya ini parfum idola aq bet dah.,No Aspect,None
RVW_05306,"barang nya cepat nyampe, terimakasih juga udah di kasih bonus",No Aspect,None
RVW_05307,Finally Calif Blue 100 ml mendarat dengan aman. Love it ❤️🫶,No Aspect,None
RVW_05308,"This is it bro,california blue 100 ml akhirnya dapet juga,gacor",No Aspect,None
RVW_05309,"Produk bagus, barang asli sesuqi",No Aspect,None
RVW_05312,"Beli karena mamisa sama papimo🥰😂, dapat Sempel juga🫶",No Aspect,None
RVW_05313,Barang sampai dengan cepat dan aman 👍👍👍,No Aspect,None
RVW_05315,"mantap pengiriman cepat, rapi dan terlindungi",No Aspect,None
RVW_05317,Kualitas produk: Sangat baik,No Aspect,None
RVW_05328,"Productnya bagus cuma susah dapetinnya harus nge war segala, strategi marketing nya aja yg bikin penasaran.",No Aspect,None
RVW_05342,"Akhirnya kesampean beli nih parfume. Karena penasaran sama yang di omongin konten kreator. Cuma kalo cek etalase pasti kosong stoknya, akhirnya dapet juga",No Aspect,None
RVW_05350,"pengiriman tepat waktu, dan produk tidak ada yang lecet sama sekali👍🏻👍🏻",No Aspect,None
RVW_05360,"Kualitas produk: Jelas Original Belum di Unboxing Mantap, pengiriman sedikit lumayan lama tapi tidak sampai 14hari ++ Seperti Dreamscape Kemarin",No Aspect,None
RVW_05368,"Mantap, akhirnya dapet juga, dapet bonus monro juga",No Aspect,None
RVW_05373,"segelnya blm dibuka karna mau saya jual lagi, smoga aja dalemnya aman dan ga kenapa kenapa, adminnya juga fast respon dan ramah, tengkyu mykonos",No Aspect,None
RVW_05381,"Kualitas produk: Asli, yang dinanti nanti setelah 1 minggu lebih PO🔥",No Aspect,None
RVW_05390,Kerennyaaaaa cepet banget nyampenya dikasih testeran juga anjaiii 🔥🔥🔥,No Aspect,None
RVW_05392,"Hasil nge war..susah beud mo beli ampe jrs war sgala, knapa sih My konos gak skaligus produksi yg bnyk skalian..biar gk ghoib2 an",No Aspect,None
RVW_05393,Kualitas produk: Nice banget dan hoki dapet decant inception,No Aspect,None
RVW_05394,"Paketnya aman walau kemrin was² karna ekspedisi nya gk update², ternyata diputerin dulu ke luar pulau",No Aspect,None
RVW_05396,Belum dicoba,No Aspect,None
RVW_05398,"mau bilang makasih sama mykonos yg udah undang mora di live nya, senang banget ini perdana mora live bareng ditambah juga raisa baru pertama live kaya gini, makasih ya mykonos udh bikin hari senin aku indah banget! semoga bisa live bareng lagi ya🥺bisa kali mora jdi BA hehe, SALAM WARGA PIYIK💙🐥",No Aspect,None
RVW_05399,Kualitas produk: Baguss bangett,No Aspect,None
RVW_05401,cepat banget sampe nya cuma 2 hari walaupun po,No Aspect,None
RVW_05403,mantaps,No Aspect,None
RVW_05414,"Alhamdulillah dapat hasil war, dapat 2 lagi",No Aspect,None
RVW_05415,Kualitas produk: Ketagihan sama calif blue,No Aspect,None
RVW_05421,"mantap sekaliii ,gacorrr",No Aspect,None
RVW_05430,Kualitas produk: mantap,No Aspect,None
RVW_05448,"Mantep bett, walau menunggu 10 hari",No Aspect,None
RVW_05449,"cepet jg pengirimanny, 👌👌👌",No Aspect,None
RVW_05460,"Kualitas produk: Mantaps banget dah, lain kali mau nyoba wangi yang lain",No Aspect,None
RVW_05483,"mantap!!! saya suka parfum ini, kedua kalinya beli di toko ini",No Aspect,None
RVW_05487,Mantap mykonos terimakasih testernya,No Aspect,None
RVW_05490,"Barang sudah sampai dengan aman dan selamat.... baru pertama kali beli parfum di mykonos..... ,,aku kira tadi PO.nya seminggu/10 harian, ternyata cuman 3/4 harian udh sampai... wah.. mantap... semoga cocok..",No Aspect,None
RVW_05492,"Pengiriman cepat, parfum tiba dengan selamat,sesuai dengan keinginan deh pokoknya, next time gua order lagi klo udah habis😁😁👍👍👍",No Aspect,None
RVW_05498,"Product quality: sangat bagus, aman tersegel dan pastinya ori brooo dan makasi dapet free decant jugaa",No Aspect,None
RVW_05525,"Barang sampai dengan selamat, bonus decant cafe drops",No Aspect,None
RVW_05527,"Barang baru saya terima, dapat dpt tester juga,,,,mykonos memang...👍",No Aspect,None
RVW_05528,Kualitas produk: mantap akhirnya yang ditunggu tunguuu,No Aspect,None
RVW_05529,Jangan ditanya lah ya klo parfume dari mykonos😋🔥 Btw makasih min dikasih bonus decant😁,No Aspect,None
RVW_05533,"Geloo sampe rumah dalam 4 hari, respek tim mykonos 🔥, inceran tahun lalu akhirnya sampai ditangann 😋",No Aspect,None
RVW_05535,Sesuai dengan harapan barang sampai dengan selamat,No Aspect,None
RVW_05536,Tq tq mykonos dikasih decant invade juga Next coba varian yg lain,No Aspect,None
RVW_05537,Emang ga salah parfum dari mykonos yg satu ini 🔥🔥🔥,No Aspect,None
RVW_05538,beli mykonos calif blue gara gara mora😭🫰🏻 makasiii min ditunggu next project bareng mora lagi💗,No Aspect,None
RVW_05540,Jos...............,No Aspect,None
RVW_05542,"pembelian botol kedua, mantapp,buat olahraga behh oke juga.",No Aspect,None
RVW_05544,"barang sesuai, dan admin nya baik bisa request pengiriman nya di percepat 2 hari nyampe",No Aspect,None
RVW_05551,Kualitas produk: kualitas produk sangat bagus ini pembelian kedua,No Aspect,None
RVW_05552,"po satu bulan tapi kurang dari seminggu sudah sampai, best lah gapernah nyesel juga beli variant calif blue",No Aspect,None
RVW_05555,"Kualitas produk: Bagus Sesuai pesanan, walaupun pengiriman agak lama",No Aspect,None
RVW_05556,mantap Kualitas produk: sangat bagus dan aman aman juga buat di blind buy,No Aspect,None
RVW_05560,Sudah diterima.. pengiriman aman.. Terima kasih..,No Aspect,None
RVW_05565,Barang diterima sesuai pesanan... Parfumnya mantap..,No Aspect,None
RVW_05567,"nice produk,pengiriman juga cepat, sprayer juga bagus",No Aspect,None
RVW_05568,Baru pertama kali coba parfum mykonos langsung jatuh cinta the besttt Mykonos!,No Aspect,None
RVW_05572,Mantap parfumnya sangat mantap aku kasih bintang 5 karna sesuai mantap jos lain kali pesan disini lagi deh maiconos memang mamtap,No Aspect,None
RVW_05573,Kualitas produk: Sangat Bagus Makasih buat bonusnya :),No Aspect,None
RVW_05574,"Kualitas produk: Sangat okeii, tidak ada kerusakan sedikit pun",No Aspect,None
